title,reviews
데드캠핑 더라이브,"데드캠핑 더라이브
감독
김현우
출연
남지현
개봉
2022.05.12. 대한민국
평점
리뷰보기

포미닛 출신 남지현이 주연을 맡은 스릴러물이랄까요?
솔로캠핑 유튜버를 찾아온 정체불명의 집단과의 싸움이랄까요?
저예산 영화 느낌이라 완성도는 떨어지는 편인데 러닝타임도 짧고 해서 그냥저냥 봤네요."
데드캠핑 더라이브," 5월 12일 개봉하는 영화 '데드캠핑 더 라이브'입니다.
그런데...오늘 '올레티비'에 올라온것을 보니..
바로 'IPTV'로 넘어온듯 싶은데요..
(사실 극장에서 개봉했어도 볼 생각은 없었지만 ㅋㅋㅋ)

오늘 '야간근무'인지라...
심심하던차에, 올라온것을 보고 바로 '시작'을 했는데요..
보고나니 왜 막바로 넘어온것인지 '이해'가 되는..

 

인기 유투버인 '수연'


그녀는 '캠핑'을 떠나고, 그것을 '라이브'로 방송을 하는데요..


그런데 누군가가 그녀를 찾아옵니다..


그녀를 공격하는 '괴한'들


그런데 갑자기 이상한 '화장'으로 '변신'한 '수연'은


도리어 '괴한'들을 한명씩 '제거'하기 시작하는데요..


사실 이 모든것은 '함정'이였던...


그녀의 처절한 '복수'가 시작이 되는데요...









'데드캠핑 더라이브'는 '개봉'소식이 알려져도 그닥 볼 생각은 없었는데요 ㅋㅋㅋ
'포스터'부터 '예고편'까지 완전 '저예산'티가 확 나고.
'러닝타임'이 72분 밖에 안된다는 것을 보고...더욱 볼 생각이 없었는데 ..

오늘 '올레티비'에 올라온것을 보고..
그래도 궁금은 하더라구요....과연 '예상'대로일까?
아니면 '킬링타임용'은 될까?
그런데 보고나니, 역시나였던 ㅠㅠ

인기 유투버인 '수연'
그녀는 '캠핑'을 떠나 '라이브방송'을 하는데
'괴한'들이 그녀를 공격하는데요..

그러나 '수연'의 '함정'이였고..
도리어 '괴한'들이 '수연'에게 살해당하기 시작합니다.

문득..'복수'하려면 저렇게 '화장'을 해야되나? 싶기도 했었던..
이상한 '눈화장'ㅋㅋㅋㅋ

그리고 '수연'이 복수하는 '이유'가 나오는데요..

요즘 'BJ'나 '유투버'들이 워낙 많으니 말입니다.
그중에선 '조회수'를 올리려고 엄청 '자극적'인 '짓'을 하는 사람들도 있는데요.

실제로 이런 일까지 벌이는 사람들은 있을까? 하겠지만
'감독'의 상상에 의해 벌여진 '끔찍한 일'

그리고 '수연'은 '복수'를 위해 '함정'을 파왔단것..
제대로 걸린 넘들이였는데요...

사실.. '남지현'의 처절한 '액션연기'는 좀 기대를 했었는데..
'액션'도 '생각'보다 '부족'하고..
'괴한'들의 어색한 '연기'도 그렇고..

'기사'에서 보니 '한소희'씨의 '액션연기'랑 비교하기도 하던데..
솔직히 '급'이 다릅니다...

'남지현'씨의 팬들은 좋아하실지 모르겠지만..
저는 그닥..별루..

그다지 '추천'해드리고 싶지 않은 '작품'입니다..

데드캠핑 더라이브
감독
김현우
출연
남지현
개봉
2022.05.12. 대한민국
평점
리뷰보기"
데드캠핑 더라이브," 

전체적으로 어설프고 허접한 부분들이 엄청 많지만 그래도 B급 영화 치곤 나름 노력한 흔적들이 보인다.

뜬금없이 여자 람보가 되는 것 까지는 좋은데 나쁜 놈들을 죽이는 과정들이 너무 서툴고 모양새가 꽝이다.

그래도 감독이 어설프게나마 이런 종류들에 영화를 보긴 보고 많이 흉내를 낸 것도 있지만 가능성은 보인다.

당연히 죽여야 하고 죽어야 될 놈들을 죽인 거지만 사실 현실은 영화의 내용 보다 몇 배는 심한 게 사실이다.

그렇다고 그런 놈들을 저런 식으로 죽이려 한다면 먼저 죽는다는 것도 판단은 해야 하는데 영화니까 그냥 봐주자

여하튼 어설픈 연기들로 하나의 영화를 시작하고 끝내는데 모두가 노력을 한 것은 분명히 보인다.

또한 무명 감독의 작품 치고는 어설픈 부분도 있지만 유명 감독도 못하는 독특한 방법의 연출들이 대단한 것 같다.


데드캠핑 더 라이브 . 2022


데드캠핑 더라이브
감독
김현우
출연
남지현
개봉
2022.05.12. 대한민국
리뷰보기"
데쓰 캘린더 (The Advent Calendar)," 공포 스릴러 영화 <데쓰 캘린더>는 선물로 받은 어드벤트 캘린더를 열면서 악마와의 거래가 시작되는 이야기를 그린 작품이다.

아름다운 외모를 지닌 에바는 전직 댄서로 불의의 사고로 하반신 마비가 된다. 그녀는 친구 소피로부터 크리스마스까지 매일 열어보는 어드벤트 캘린더를 선물 받는다.

어드벤트 캘린더란 '강림절 달력'이란 뜻으로 크리스마스 전 4주간의 기간 동안 날짜에 맞는 칸을 열면 랜덤으로 작은 선물이 들어있어 매일매일 새로운 선물과 성탄절을 기다리는 재미가 있는 제품이다.

영화 <데쓰 캘린더>에서 나오는 캘린더의 외부에는 '이걸 버리면 죽는다'는 섬뜩한 메시지가 적혀 있고, 매일 캘린더를 열 때마다 사건들이 일어난다.

소소한 행복부터 시작해 위험한 일들이 점차 강도가 높아지며 벌어진다. 하지만, 위험한 일들이 일어날수록 에바에게 유리한 방향으로 진행되고 점차적으로 캘린더에 집착하게 된다. 캘린더라는 악마의 유혹에서 헤어나올 수 없게 된다.

영화는 크리스마스 전에 소소한 행복을 느낄 수 있는 캘린더라는 소재로 극도의 공포감을 선사한다.

매일 달력을 열 때마다 오늘은 어떤 소소한 행복이 기다릴까 궁금해지는 기분이 어떠한 공포가 기다릴까로 바뀌며 전혀 다른 두근거림을 준다.

기괴하고 섬뜩한 장면이 사실감 있게 그려지지만, 그 안에 내포한 인간의 욕망을 드러내며 몰입해 보게 된다.

캘린더를 열면 절대적으로 지켜야하는 규칙이 존재한다. 초콜릿과 캔디는 한 번에 다 먹어야 한다는 규칙이다.

처음에는 간단한 규칙 같아 보이지만 규칙을 지키지 않으면 죽는다는 섬뜩한 규칙도 함께 존재해, 싫어도 무서워도 무조건 해야 하는 상황이 벌어진다.

'예수께서 앉은뱅이에게 일어나 걸으라고 말씀하셨다'라는 글과 함께 성모 마리아상 모양의 캔디가 나오고, 에바가 그 캔디를 먹었을 때 신비한 경험을 하게 된다.

하반신 마비인 에바는 캘린더로 인해 일상이 흔들리고 앉은뱅이의 기적을 기대하며 캘린더의 유혹에 빠지게 된다. 캘린더는 문을 여는 사람에 맞춰 그 사람이 원하는 일들을 들어주지만, 잔인한 대가를 치러야 한다.

캘린더는 에바가 처음 이용한 것이 아니라 이전에 다른 사람들도 이용한 것으로 그 사람을 찾아가 캘린더에 숨겨진 비밀을 찾아낸다.

예상치 못한 마지막 반전은 에바가 무엇을 선택했는지 궁금증을 자아내며, 관객들은 자신이라면 무엇을 선택할지 고민하게 한다.

공포감에 더해 인간의 숨은 욕망을 드러내는 영화로 오랜만에 꽤 즐거운 공포감을 선사한다. 장애인에 대한 차가운 시선도 함께 느낄 수 있어 현재 사회를 돌아볼 기회도 준다.

초여름 당신의 간담을 서늘하게 하며 여름 더위를 날려줄 공포 스릴러 영화 <데쓰 캘린더>는 오는 23일 개봉한다.

/마이스타 박선영 기자

기사 원문보기 http://www.mystar.ne.kr/archives/10428
[마이스타] 평범한 일상이 흔들릴 때, 당신의 선택은?
공포 스릴러 영화 는 선물로 받은 어드벤트 캘린더를 열면서 악마와의 거래가 시작되는 이야기를 그린 작품이다. 아름다운 외모를 지닌 에바는 전...
www.mystar.ne.kr

데쓰 캘린더
감독
파트리크 리드르몽
개봉
2022.06.23. 프랑스, 벨기에
리뷰보기
 "
도어맨 (The Doorman),"3월 16일 개봉한 영화 '도어맨'입니다.
'루비 로즈'와 '장 르노'가 나온다고 하고..예고편도 잼나보여서, 기대하던 영화였는데..
왜 '개봉'은 했는데, '상영관'은 하나도 없는지..ㅠㅠ
그런데 본 사람들도 그닥 '평'들이 좋지 않더라구요..

'혹평'들이 많지만.. 
그래도 보고싶었던 영화였는지라, 'VOD'로 올라오기만을 기다렸는데 말입니다.
오늘 '야간근무'라 출근해서 '회사'에서 보니 있더라구요 ㅋㅋㅋ
그래서 바로 시작을 했습니다..


'해병대 경호여단'소속의 '앨리 골스키'중사
그녀는 '루마니아'대사와 가족들을 '경호'하고 있는 가운데..
'테러범'들의 '습격'을 받습니다.

그러나 '테러범'의 '공격'에 모두들 죽고 홀로 살아남는데요..


'퇴역'후 '뉴욕'으로 돌아온 '앨리'
여전히 '트라우마'에 시달리고 있는 가운데..

그녀의 '삼촌'은 '앨리'에게 '도어맨'자리를 소개해줍니다.


현재 '리모델링' 예정인 '아파트'로 대부분의 '입주민'들이 나갔는지라
'빈집'만 잘 지키면 되는 간단한 일이였는데요..

아니 그런줄 알았는데요..


그런데 남은 '입주민'도 있었습니다..

'뇌졸증'남편을 데리고 있는 '허쉬'부부와
'아내'의 죽음이후 '부활절'만 보내고 떠나려는 '스탠튼'가족..

참고로 '스탠튼'의 아내는..
바로 '앨리'의 '언니'인....


'앨리'는 '조카'들의 '초대'에
'부활절' 식사를 같이 하려고 했는데..


'아파트'에 '불청객'들이 들어닥칩니다.

그들은 '허쉬'부부를 찾아가 '그림'이 어디있는지 묻고
그들을 죽여버리는데요..


그리고 '스탠튼'가족의 '집'을 들이닥치는...


한편 '허쉬'부부의 시체를 발견한 '앨리'는
동료에게 '경찰'에 신고하라고 연락하는데..


그 '동료'가 바로 '강도'두목의 '오른팔'인..


겨우 '공격'을 모면한 '앨리'는..
'조카'들을 구하기 위해 홀로 '사투'를 벌이기 시작합니다...









'루비 로즈'는 요즘 뜨는 '액션 배우'인데요..
'존윅'에서 '키아누 리브스'랑 싸우다 죽는 '킬러'로 인상깊게 나왔고
'라이즈 오브 스완'에서도 '메인빌런'으로 마지막에 '주인공'이랑 징하게 싸우다 죽고..
'레지던트 이블'에서도 '끔살'당했는데 말입니다..ㅠㅠ

보면서 오랜만에 안 죽는 역할로 나왔구나 생각이 들었습니다 ㅋㅋㅋㅋㅋㅋ

영화에서 초반에 '과거'장면이 나와서
'루마니아'대사가족이 죽고 '불명에 퇴역'한줄 알았는데..
'장 르노'가 조사한 자료에 의하면..
그 이후 '여군'으로서는 세번째로 '은성무공훈장'을 받은것으로 나옵니다.

그러나 '트라우마'로 '퇴역'한듯 싶은데 말입니다
그녀에게는 잊을수 없는 기억이니..

그리고 평범한 '도어맨'으로 일하는 그녀..
이 정도 '경력'이면 '경찰'로 특채해도 될텐데 말이지요
왠지 아까운..

'삼촌'의 '배려'로 '조카'들과 가까워질 기회를 얻습니다
그러나 그때 등장한 '강도'들...

영화를 보다보면 '루비 로즈'판 '다이하드' 느낌이 들었는데요..
단순한 '도어맨'인줄 안 '강도'
그리고 한명씩 해치우는 '앨리'...

그런데 많은 분들이 이야기하시듯이 생각보다 '액션'이 약한 느낌도 듭니다만..
그래도 '킬링타임용'은 충분히 되는듯 싶었습니다.

많은 분들이 '혹평'하셔서..
저도 '혹평'할 '각오'로 봤는데, ...완전 '망작'수준은 아니였습니다..
그냥 볼만했었던....

비중은 생각보다 작지만, 오랜만에 '장 르노'가 나와서 반가웠고요.
'루비 로즈'의 액션도 괜찮았고 말입니다..
넘 기대안하고 보면 ...'시간 때우기용'으로는 괜찮지 않을까? 싶습니다..

도어맨
감독
기타무라 류헤이
출연
루비 로즈, 장 르노
개봉
2022.03.16. 미국
평점
리뷰보기"
도어맨 (The Doorman),"도어맨
감독
기타무라 류헤이
출연
루비 로즈, 장 르노
개봉
2022.03.16. 미국
평점
리뷰보기



기타무라 류헤이 감독이 연출한 <도어맨>은 트라우마를 가진 한 여성이 아파트 도어맨으로 새로운 삶을 시작하는 순간 벌어지는 큰 사건을 다루고 있는 액션영화입니다.
  해병대에서 복무하는 루마니아 미 대사관에서 근무하는 알리는 대사관 가족과 함께 이동하는 과정에서 테러를 당하게 되고 홀로 살게 됩니다. 큰 트라우마를 안고 제대를 한 그녀는 고급 아파트 도어맨으로 새로운 삶을 살게 됩니다. 근무한 바로 다음 날 이 아파트에 자신의 언니의 남편 그러니까 형부와 조카들이 살고 있다는 것을 알게 됩니다. 사이가 썩 좋지 않은 관계였지만 아파트 리모델링 때문에 떠날 그 식구들과 저녁을 함께 하려고 합니다.
  한편 무장 괴한들이 그 날 아파트로 쳐들어옵니다. 알고 보니 이들은 또 다른 남은 사람인 버나드가 빼돌린 고가의 미술품을 찾으러 온 일당들이었고 이들은 또 다른 알리의 동료 도어맨과 거래 관계였습니다. 괴한의 우두머리인 빅터(장 르노)는 그림의 위치를 버나드에게 물어보니 그곳은 바로 알리의 형부 집이었습니다. 그렇게 빅터와 일당들은 형부의 집으로 쳐들어가고 마침 그 자리에 없던 큰 조카와 알리는 형부와 또 다른 조카를 구하려고 합니다.
  심플한 스토리의 여전사 이야기입니다. 여전사의 필수조건인 트라우마 역시 존재하고요. 결론부터 말하자면 모든 면이 아쉬웠습니다. 특히 기대도 안 했지만 배우의 연기력이 현저히 떨어지는 작품이었습니다. 주연 배우인 루비 로즈의 경우, 액션 장면을 제외한 대사 연기가 모두 어색합니다. 그 순간 배우가 어떻게 표정을 지어야할지 모르고 있는데다가 어색하기 짝이 없습니다. 다른 배우들도 마찬가지인데 장 르노를 제외한 배우들의 연기력이 너무나 아쉬웠습니다. 액션영화라는 점을 고려하고 보더라도 그렇습니다.
  그렇다고 해서 액션 장면이 훌륭한 것도 아니었습니다. 어떤 호흡의 콘셉트를 갖고 편집을 했는지 도무지 이해가 안 가더라고요. 배우들의 액션 자체는 나쁘지 않은데 편집이 그림을 망친 경우라고 생각됩니다.
  그리고 가장 문제가 된 것은 알리의 형부 집에서 벌어지는 장면들이었습니다. 빅터가 그 집을 점령하고 금고를 터는 데 인질로 잡혀 있는 형부와 그의 딸은 너무나 편안한 상황입니다. 둘은 그냥 소파에 앉아있습니다. 누가 총을 겨누지만 포박이 되어 있지만 않습니다. 심지어 빅터에게 술을 권하기도 하죠. 그런데 어느 순간은 마치 그 동안 인질로서 공포심을 느껴다듯이 몰래 노트북을 사용하다가 걸립니다. 그런데도 불구하고 빅터 일당은 이들에게 어떤 위해도 주지 않습니다. 빅터 캐릭터 자체가 아주 폭력적이고 폭압적인 인물이 아니라는 건 알겠는데 이런 설정은 이해할 수가 없습니다.
  과거에 엄청 주목받았다고 들은 기타무라 류헤이 감독의 작품이라 <레이드>와 같은 영화를 살짝 기대해봤는데 여러모로 너무 아쉬운 작품이었습니다."
도쿄 리벤저스 (Tokyo Revengers),"도쿄 리벤저스
감독
하나부사 츠토무
출연
키타무라 타쿠미, 이마다 미오, 요시자와 료, 야마...
개봉
2022.01.19. 일본
평점
리뷰보기

원작만화는 안 봐서 모르겠으나...나오는 주인공들의 매력은 상당하다..
타임루프 영화류에서는 상당히 성공적이다.
워낙에 나비효과 임펙트가 강해서 그렇게 기대치가 높지는 않았지만 트랙이 다른 영화다.
후반으로 갈수록 힐링요소가 많다. 오히려 인문학적이라고 할까. 사람에게는 놀랍게도 어떤 버텨 낼 잠재적 힘이 있는 것 같다.
이런 면에서는 상당히 철학적이기도 하다. 근래에 알랭 드 보통의 왜 나는 너를 사랑하는가 읽는 부분과 상통되는 면도 있다.

만화라고 얕잡아 봐서는 안된다. 오히려 메세지 전달은 오히려 강할 수도 있다. 이 도쿄 리벤저스의 내용 전달에서는 크게 느낀 점은 두 가지다. 한 가지는 보이는 것 만으로 그리고 남의 평가로 그 창으로 같이 봐서는 안된다는 점이다. 그리고 두번째는 아무리 찌질해도 그래도 나를 안을 수 있는 것은 오직 나다. 그것은 아마도 거대한 나를 향한 사랑일 것이다. 수많은 분들이 불렀지만 휘트니 휴스턴의 노래가 가장 좋은데 아마도 The greatest love of all의 후반 가사도 아마도 가장 거대한 사랑은 내 자신 안에 있다는 점...여기서 아무리 찌질해도 바라보는 여주가 있어서 오히려 부럽다. 왜 이 찌질이를 좋아하는지는 단 한번의 기회로 훅~ 가버린 여주가 있는데...실은 그 안에는 어떤 인연보다는 찌질이 주인공의 내재된 큰 어떤 파워를 보았을 것이다. 영화가 끝났을때 저렇게 믿어주는 여주가 있다면 행복하겠다 생각을 했지만 실은 그렇치 않다는 것을 안다. 여주는 이 찌질이의 내면의 강한 힘을 보게 된 것이고 이것이 이 찌질이를 좋아하게 된 것이 확실하다. 그 외적인 면으로만 이런 여주가 곁에 있으면 좋겠다는 생각은 껍데기만 본 것에 불과하다는 것을 알고 난 후에는 부러워 할 것도 없었다. 원래 남녀의 인연은 그 껍데기 보다도 그 내면의 무엇을 찾았을 때 비로소 지속이라는 단어가 나타난다.

이 영화에서는 멋진 사내들이 나오기에 그 멋짐에 주의가 필요하다. 자주 나오는 편은 아니지만 여주의 미소에 훅~ 빠진다.
(아...미워도 영화나 애니를 보면 그닥 밉지도 않은 일본...하여간 일본은 나 개인에게도 상당히 미스테리한 나라다)

추천한다. 그냥 킬링타임으로 보았다가 어떤 인문학적인 생각도 떠오르게 한 영화. 추천.




 "
도쿄 리벤저스 (Tokyo Revengers),"도쿄 리벤저스
감독
하나부사 츠토무
출연
키타무라 타쿠미, 이마다 미오, 요시자와 료, 야마다 유키, 스기노 요스케, 스즈키 노부유키, ...
개봉
2021.12.22. 일본
평점
리뷰보기

  하나부사 츠토무 감독이 연출한 <도쿄 리벤저스>는 일본에서 엄청난 판매부수를 자랑하는 만화를 원작으로 한 타임리프물입니다.
  알바를 하며 생계를 유지하는 20대 후반의 청년 타케미치는 고등학교 때 사귀었던 여친인 하나타의 사망 소식을 뉴스로 접하고 넋이 나간채로 지하철 플랫폼에 서 있다가 누군가에 떠밀려 선로에 떨어지게 됩니다. 잠시 후 눈을 떠 보니 타케미치는 교복을 입은 학생이 되어있고 친구 무리들과 함께 있습니다.
  타케미치는 죽기 직전 주마등과 같은 기억이 되살아난 것이라고 여기지만 그는 10년 전으로 시간 여행을 떠난 것입니다. 꿈인지 생시인지 헛갈리던 와중 하나타의 동생, 경찰 나오토를 만나게 되고 타임리프의 진실을 알게 됩니다. 그리고 이 타임리프를 통해 무언가를 바꿀 수 있다고 여기게 됩니다.
  예고편을 볼 때만해도 이 작품은 양아치 고등학생이 과거를 반성하고 여자친구의 미래를 바꿔놓는 노력을 행하는 작품이자 절절하고 코믹스러운 멜로드라마로 여겼습니다. 하지만 하나타와의 애절한 멜로보다는 현재 큰 조직의 보스인 마이키와 드라켄과의 우정이 조금 더 강조된 작품입니다. 이 부분에서 만화적인 상상력이 크게 발휘된 작품이라고 보입니다.
  코믹적인 부분이 캐릭터 플레이와 잘 결부되어 장르적 재미는 충분히 안겨주는 작품입니다. 일본 특유의 과장된 캐릭터와 과장된 연기가 개인적으로 크게 부담스럽지는 않은 작품이었습니다. 다만 극 속에서 아주 중요한 역할로 작동되어야 하는 경찰 나오토의 캐릭터가 제대로 사용되지 못한 느낌이 들었습니다. 좀 더 드라마틱한 이야기를 위해선 나오토의 역할이 좀 더 필요한 게 아닌가 합니다.
  애니메이션으로도 제작되고 극영화로도 만들어진 <도쿄 리벤저스>는 이런 장르가 익숙한 팬들이라면 큰 무리 없이 재미가 볼 수 있는 작품이지만 그렇지 않은 관객들에겐 소화하기가 힘들지 있는 작품입니다. 이 점을 분명히 생각하고 관람을 해야 하지 않을까 합니다."
도쿄 리벤저스 (Tokyo Revengers),"영화 [도쿄 리벤저스] 티저 예고편(한글) : 키타무라 타쿠미, 이마다 미오, 요시자와 료: 2021



10년 전 과거로 타임리프! 운명을 바꿀 기회가 찾아왔다!
인생 전부를 걸고 펼치는 뜨거운 리벤지가 시작된다!

기대 없는 매일매일을 살아가는 20대 청년 타케미치는
어느 날 뉴스를 통해 첫사랑 여자친구가 사고로 사망했다는 소식을 듣게 된다.
유일하게 자신을 있는 그대로 믿어주었던 그녀를 떠올리던 타케미치는
특별한 타임리프를 통해 10년 전 고등학교 시절로 돌아가게 되고
그녀를 살리고 운명을 바꾸기 위해서는 자신이 변해야만 한다는 걸 깨닫게 되는데…
2021.12 / 東京リベンジャーズ, Tokyo Revengers, 2020

감독: 하나부사 츠토무
출연: 키타무라 타쿠미, 이마다 미오, 요시자와 료, 야마다 유키,스기노 요스케,스즈키 노부유키,이소무라 하야토,마미야 쇼타로

* 영화 정보
https://movie.naver.com/movie/bi/mi/basic.naver?code=196984




영화 [도쿄 리벤저스] 메인 예고편(한글) : 키타무라 타쿠미, 이마다 미오, 요시자와 료: 2021



--------------- 일본 예고편 ---------------------




영화 [도쿄 리벤저스] 1차예고편 : 키타무라 타쿠미,야마다 유키 : 2021 :타임슬립 액션 실사




한때 불량배였던 주인공, 
그는 우연한 계기로 중학교 시절로 타임슬립할 수 있게 되고
하나뿐인 애인이 살해당했던 운명을 바꾸기 위해 
과거로 돌아가 죽음의 원인이 되는 거대 폭주족 '도쿄 만지회'의 톱이 되려한다.
2021.07.09 (일본) / tokyo revengers

감독: 하나부사 츠토무
출연: 키타무라 타쿠미,야마다 유키,스기노 요스케,스즈키 노부유키,이소무라 하야토,마미야 쇼타로,요시자와 료
 



영화 [도쿄 리벤저스] 메인 예고편 : 2021.07.09 : 타임슬립 액션 실사 : 만화 원작




 


* 영화 도쿄 리벤저스 정보
https://wwws.warnerbros.co.jp/tokyo-revengersjp/
https://ko.wikipedia.org/wiki/%EB%8F%84%EC%BF%84_%EB%A6%AC%EB%B2%A4%EC%A0%80%EC%8A%A4


* 영상이 유익하셨다면 '구독'과 '좋아요'를 눌러주세요~ 구독은 큰 힘이 됩니다. ^^




 "
도쿄 리벤저스 (Tokyo Revengers),"안녕하세요, 호진시네마입니다. 

2021년 28주차 일본 주말 박스오피스입니다.
(이 포스팅은 PC 버전을 기준으로 작성하였습니다)



 
2021년 28주차 
일본 주말 박스오피스입니다.

1위는 신작 <도쿄 리벤저스>가 차지했습니다.
이번 주에는 신작들이 대거 상위권을 차지했네요.

이상으로
2021년 28주차 일본 주말 박스오피스 발표를
마치도록 하겠습니다 :)

감사합니다!
호진시네마 드림."
도쿄 리벤저스 (Tokyo Revengers),"2021.12.12.(일)

CGV 영등포



정말 오랜만에(?) 영화 관람하러 극장에 왔습니다.

나쁜 바이러스 때문에 웬만해서는 밖에 나가지않고

집에서만 대기하면서 지내고 있었는데요

갑자기? 영화 한편 때리고 싶더라고요

그래서 엉금엉금 다른 사람과 접촉을 피하면서 여기까지 무사히 슝~



도쿄 리벤저스는 워낙? 인기가 핫한 애니입니다.

요즘 매니아들이 많더라고요

저는 가끔씩 극장에서 영화 보는 취미가 있어서

이 나쁜 전염병 때문에 좋아하는 극장도 자주 못오고 흑흑

언제쯤 끝날까요?? 힝~~~~



다들 아는 사실이지만? 이렇게 방역이 철저합니다.

그래도 항상 마스크는 일심동체로 절대 네버스탑!

아직 상영 시간이 ? 쪼금 남았는데

오랜만에 극장에 와서 그런지? 사나이 자존심을 자극하는...

칠리 핫도그가 먹고싶네요

맛없으면 한대 칠리? 죄송합니다.

시지브이는 칠리 핫도그가 국롤이죠


 칠리 핫도그와 환타 포도맛

이게 바로 국가가 나에게 허락한 유일한 마약이죠



한입 베어 물었는데 고기는 역시 이상무 !

소스는 감미롭게 뿌려진게 마치 오와열을 연상하네요

아맞다 안에서는 못먹어요

그래서 밖에서 느긋하게 냠냠


 음료수는 다시 매점에서 리필 완료 !

이맛에 시지브이 오는거 아니겠습니까?

음료수 뭐로 드릴까요? 했을때 잠시동안...

콜라라고 말할까? 그런 못된 생각도 했지만

솔직하게 환타 포도라고 이실직고 하였습니다.



상영관으로 입장 !

영화 보고 있는데 지인이 연락했었나봐요

저는 영화 볼때는 영화에 집중해야하니..

센스있게 비행기 모드로 변경했지요

쪼금더 일찍 전화했다면? 두장 예약했을텐데요

제가 원래 화끈하게 잘쏜다고 소문났지요

오죽하면 시지브이에서 제일 잘쏘는 큐피드가 바로 제 별명입니다.


 영화 관람 끝 !

특전은 무조건 받아야죠 !

안받으면 영화맨이 아니죠 !



호호호 좋네요

여기까지는 해피엔딩인데...

그는 복귀할때까지 모르고 있었다....

다이소에서 삼천원이나 주고산 겨울 장갑을

빈 옆자리에 벗어놓고 왔다는거

으앙~~ 
 (나에게 삼천원이란,,?? 어마어마하게 큰돈(?)이죠)



+ 번외편

장갑 잃어버린줄도 모르고 근처 용산에서 구경중...

쇼핑은 역시 구경이 짱이죠



제가 좋아하는 뽑기 매장 구경중..



대충 이렇게 다양한 뽑기판이 있습니다.

뒤에서 다른 사람들 뽑기 도전하는거 구경중...


 어떤 사람이 A상 득템

두장 결제해서 A상 한개, D상 한개



저는 이제 동네로 복귀 가즈아

복귀하면서 이때쯤 어?? 장갑 어딨지..?

헐랭~ 에잇 삼천원짜리니깐 집앞에 다이소에서 하나더 사자

이렇게 긍정적으로(?) 생각했는데 장갑이 다 품절이네요

그래서 다이소 상품이 싼맛에 쓰기 좋더라고요

품질은 제품마다 복불복이 심해서 그렇죠


 동네에서 분노의 가득찬 식사...

머릿속에 내장갑 내장갑 삼천원.....

그래서 물 드릴까요? 음료수 줄까요? 하길래

바로 음료수로 달라고 하였습니다.

오늘은 음료수를 먹어야겠습니다.



분노의 우걱 우걱

맛은 좋네요 ~



식사 끝

이렇게 오늘의 일기 끝 !

(오늘의 교훈 : 장갑을 잘챙기자 줄여서 장갑차)"
도쿄 리벤저스 (Tokyo Revengers),"영화 [도쿄 리벤저스] 티저 예고편(한글) : 키타무라 타쿠미, 이마다 미오, 요시자와 료: 2021



10년 전 과거로 타임리프! 운명을 바꿀 기회가 찾아왔다!
인생 전부를 걸고 펼치는 뜨거운 리벤지가 시작된다!

기대 없는 매일매일을 살아가는 20대 청년 타케미치는
어느 날 뉴스를 통해 첫사랑 여자친구가 사고로 사망했다는 소식을 듣게 된다.
유일하게 자신을 있는 그대로 믿어주었던 그녀를 떠올리던 타케미치는
특별한 타임리프를 통해 10년 전 고등학교 시절로 돌아가게 되고
그녀를 살리고 운명을 바꾸기 위해서는 자신이 변해야만 한다는 걸 깨닫게 되는데…
2021.12 / 東京リベンジャーズ, Tokyo Revengers, 2020

감독: 하나부사 츠토무
출연: 키타무라 타쿠미, 이마다 미오, 요시자와 료, 야마다 유키,스기노 요스케,스즈키 노부유키,이소무라 하야토,마미야 쇼타로

* 영화 정보
https://movie.naver.com/movie/bi/mi/basic.naver?code=196984




영화 [도쿄 리벤저스] 메인 예고편(한글) : 키타무라 타쿠미, 이마다 미오, 요시자와 료: 2021



--------------- 일본 예고편 ---------------------




영화 [도쿄 리벤저스] 1차예고편 : 키타무라 타쿠미,야마다 유키 : 2021 :타임슬립 액션 실사




한때 불량배였던 주인공, 
그는 우연한 계기로 중학교 시절로 타임슬립할 수 있게 되고
하나뿐인 애인이 살해당했던 운명을 바꾸기 위해 
과거로 돌아가 죽음의 원인이 되는 거대 폭주족 '도쿄 만지회'의 톱이 되려한다.
2021.07.09 (일본) / tokyo revengers

감독: 하나부사 츠토무
출연: 키타무라 타쿠미,야마다 유키,스기노 요스케,스즈키 노부유키,이소무라 하야토,마미야 쇼타로,요시자와 료
 



영화 [도쿄 리벤저스] 메인 예고편 : 2021.07.09 : 타임슬립 액션 실사 : 만화 원작

















 "
도쿄 리벤저스 (Tokyo Revengers),"도쿄 리벤저스
감독
하나부사 츠토무
출연
키타무라 타쿠미, 이마다 미오, 요시자와 료, 야마다 유키, 스기노 요스케, 스즈키 노부...
개봉
2022.01.19. 일본
리뷰보기









 
하나부사 츠토무 감독

만화 원작

단순히 소년 만화가 아니라 소년만화에서 과거로 돌아가서 

과거의 일들과 잘못된 것을 바로고치는 내용이다

나름 만화도 흥행하고 실사화도 흥행을 했다

캐스팅이 일단 좋긴하다

근데 꼭 주인공이 패배자로 나오는 설정이 많은데 왜 강하고 잘생겼는가?

소년만화는 역시 소년만화구만~ㅋㅋ

볼만함



출연: 키타무라 타쿠미, 이마다 미오, 요시자와 료, 야마다 유키, 스기노 요스케, 스즈키 노부유키, 이소무라 하야토, 마에다 고든, 마미야 쇼타로, 시미즈 히로야 등등"
도쿄 리벤저스 (Tokyo Revengers),"도쿄 리벤저스
감독
하나부사 츠토무
출연
키타무라 타쿠미, 이마다 미오, 요시자와 료, 야마다 유키, 스기노 요스케, 스즈키 노부유키, 이소무라 하야토, 마에...
개봉
2021.12.22. 일본
평점
리뷰보기
 


2021년 상반기 실사 영화 1위라고.
게다가 원작 만화는 귀멸의 칼날, 주술회전 다음으로 랭킹 3위의 판매부수를 자랑한다. 일본에서.
기대 없는 매일매일을 살아가는 20대 청년 타케미치는 어느 날 뉴스를 통해 첫사랑 여자친구가 사고로 사망했다는 소식을 듣게 된다. 유일하게 자신을 있는 그대로 믿어주었던 그녀를 떠올리던 타케미치는 특별한 타임리프를 통해 10년 전 고등학교 시절로 돌아가게 되고 그녀를 살리고 운명을 바꾸기 위해서는 자신이 변해야만 한다는 걸 깨닫게 되는데.


원작을 안 봐서 그런지 몰라도 중간 중간 지루해서 졸기까지... 별다른 임팩트가 없다.
사랑하는 사람을 살리기 위해 타임리프 한다는 설정도 꽤나 진부하기 짝이 없더라는,
분명히 원작에는 숨겨진 재미가 따로 있을 텐데 영화 한 편에서는 미처 다 담아내지 못한 듯.
그래도 마이키역으로 나오는 요시자와 료는 충분히 멋졌다.







굿즈를 건졌다. 포스터와 배지를.....


귀멸의 칼날 : 환락의 거리편
방송
2021 일본 후지TV
평점
상세보기
 
무한열차에서의 임무를 마치고 나비 저택으로 돌아온 탄지로는 렌고쿠 가에 찾아가 해의 호흡에 대한 힌트를 얻는데 성공한다. 어느덧 렌고쿠가 죽고 4개월이란 시간이 흐르고, 나비 저택에서 몸을 단련하며 임무를 수행하고 지내던 어느 날 나호와 아오이를 납치하려는 한 남자가 탄지로의 눈에 들어오고. 탄지로는 두 사람을 구하기 위해 남자의 머리에 박치기를 날린다.
드디어 시작된 애니 2기. 현재까지 2화까지 방영되었다.
음주 우즈이 텐켄과 탄지로 일행이 유곽에 잡입하여 맞닥뜨리게 될 상현6 다카와 규타로 남매와의 혈전이 벌써부터 두근거리게 했다. 지금까지는 하현 및 미만 혈귀들과의 대결이었다면 진짜 승부는 지금부터다. 일단은 재미나더라.












 "
뒤틀린 집 (Contorted),"장례식장에 가지 말라는 말에도 불구하고, 늦은 밤 남편(김민재 분)이 나가자 명혜(서영희 분)는 화가 잔뜩 난다.

홧김에 그녀는 극단적 선택을 하려 한다. 그때 딸 희우(김보민 분)가 손을 잡으며 “엄마 안 돼”라고 말리자 갑자기 희우를 들어 올려 창밖으로 내던진다.

곧이어 희우는 장례식장에서 아빠를 만나 같이 집으로 온다.

그리고 다음 날 아침, 명혜는 차 안에서 깨어나고 남편과 가족들이 새로운 집으로 이삿짐을 옮기고 있는 광경을 목격한다.

집안을 둘러보던 명혜는 이상한 소리를 듣는다. 곧이어 막내 지우의 울음소리를 듣고 급히 마당으로 나간다.

희우는 명혜에게 “창고에 누가 있는 것 같다”고 말한다. 짐 정리 중이던 희우 아빠도 자주 액자가 떨어지는 이상한 일을 겪는다. 

그날 밤, 명혜는 악몽에 시달린다. 명혜의 아이들 역시 자다가 또래의 아이들을 보고는 겁에 질린다.

명혜는 이게 다 입양한 희우 때문이라는 생각이 들어 괴롭다.

아이들과 숨바꼭질을 하던 명혜는 이상한 기분이 들어 창고 문을 억지로 열려고 하고, 그때 갑자기 한 여자가 나타나 예전에 살던 사람들이 하루아침에 갑자기 사라졌다고 말한다.

곧이어 집안에 있던 희우도 같은 여자를 보고 기절한다.

병원에 입원한 희우는 엄마에게 “절대 창고를 열지 말라”고 말한다. 집으로 돌아오던 명혜는 창고 앞에서 만났던 여자를 차로 친다. 

그날 밤, 또 이상한 소리가 나자 짜증난 명혜는 결국 창고 자물쇠를 깨부순다.

같은 시각, 병원에 있는 희우 앞에 한 아이가 나타나 “아줌마(명혜)가 창고를 열려고 한다”며 말려달라고 말한다.

하지만 명혜는 끝내 창고에 들어가고, 이상한 경험을 한다.

이번 제26회 부산국제영화제에서 세계 최초로 상영하는 영화 <뒤틀린 집>은 편안해야 하는 집이 그렇지 못한 상황을 그린 작품이다.

조울증을 앓고 있다고는 하지만, 엄마가 딸을 해치려 한다. 이에 대해 지난 9일 열린 관객과의 대화 시간에 엄마 명혜 역을 맡은 서영희는 “믿음에 대한 배신이 가장 공포스러웠다”고 말했다.

또 “무서워서 소리 지르는 호러 영화는 아니지만, 이사 후 그 집에 대해 알아가는 과정이 무서웠다”고 말했다.

영화 <뒤틀린 집>은 이번 부산국제영화제 기간 중 7일과 9일에 이어 오는 14일에도 관객에게 선보인다.

/마이스타 이경헌 기자

기사 원문보기 http://www.mystar.ne.kr/archives/9377
[마이스타] [BIFF]편안해야 할 집에서 공포를 느끼다
장례식장에 가지 말라는 말에도 불구하고, 늦은 밤 남편(김민재 분)이 나가자 명혜(서영희 분)는 화가 잔뜩 난다. 홧김에 그녀는 극단적 선택을 하...
www.mystar.ne.kr
뒤틀린 집
감독
강동헌
개봉
대한민국
리뷰보기
 "
드라이 (The Dry),"드라이
감독
로버트 코놀리
출연
에릭 바나, 제네비에브 오렐리, 키어 오도넬, 존 폴슨
개봉
2022.03.30. 오스트레일리아, 미국, 영국
리뷰보기
[영화] 드라이 후기- 거짓 드라이어 




 



1. dirt

바짝바짝 말라가며
어떻게든 흩날려질

흙먼지 같을 거짓말


2. 가뭄

몸에 배일 따름이라
사실조차 감당 못해

바닥만 보이는 정체


3. 부쩍

메마르게 된 관계에서
평생을 파고드는 균열

split cracks


.
.
.

덧. 

쩍 갈라진 속내를
파티션하는 drive

거짓된 모두와
미련의 patrol



.
.
.


영화 #드라이 후기 #거짓 #드라이어 #dry #liar #drier like #dirt
#TheDry #RobertConnolly #EricBana #GenevieveOReilly #KeirODonnell #JohnPolson
#과거 #때 #바짝 #말라 #보이는 #균열 #평생 #파고드는 #흙먼지 #거짓말 
#속마음 #파티션 #드라이브 #거짓된 #모두 #미련 #패트롤"
드라이 (The Dry),"<서울신문>에 격주로 '지금, 이 영화'라는 제목의 영화 칼럼을 기고하고 있습니다.
2022년 일곱 번째 글은 로버트 코놀리 감독의 영화 <드라이>에 대해 썼습니다.



드라이
감독
로버트 코놀리
출연
에릭 바나, 제네비에브 오렐리, 키어 오도넬, 존 폴슨
개봉
2022.03.30. 오스트레일리아, 미국, 영국
리뷰보기


https://youtu.be/uLbDGP1H-oo
동영상
드라이 (The Dry) 메인 예고편
불미스러운 일로 고향을 떠났던 '에런'은친구 '루크'의 장례식에 참석하기 위해20년 만에 고향을 찾는다가족을 죽이고 자살한 것으로 보이는 '루크...
youtu.be


건조한 날씨와 삭막한 인간
: 로버트 코놀리 감독, <드라이>
    좋은 작품은 날씨를 허투루 사용하지 않는다. 손창섭 「비 오는 날」(1953), 윤흥길 「장마」(1973) 등의 한국 소설만 떠올려 봐도 그렇다. 이들 작품에서 날씨는 소설 내 음울한 분위기만 형성하는 데 그치지 않는다. 날씨는 인물들의 생각과 행동에 막대한 영향을 끼친다. 그러기에 날씨는 단순한 장치라기보다, 얼굴 없는 주인공이라고 해야 옳다. 영화 <드라이(The Dry)>도 마찬가지다. 명시적인 주인공은 호주 연방 경찰 에런(에릭 바나)이다. 묵시적인 주인공도 있다. 제목이기도 한 ‘건조한’ 날씨다. 며칠 비가 오지 않은 게 아니다. 열 달 넘게 비가 오지 않았다. 땅도 사람도 각박하게 만드는 메마른 날씨는 영화의 시작과 끝을 함께 한다.

책정보, 드라이 : 네이버 책 (naver.com)
드라이
전 세계 26개국 1천만 독자를 사로잡은 화제의 스릴러에릭 바나 주연, 로튼 토마토 신선도 지수 9.0 2022년 기대작 영화 〈드라이〉 원작 소설“막...
book.naver.com

  2017년 출간된 동명의 원작 소설에서 작가는 에런의 친구 그레천의 입을 빌려 이렇게 말한다. “더위가 모든 걸 더 나쁘게 만들어. 키와라 사람들은 거의 누구나 인내심의 한계에 다다른 상태야. 모두가 무척 화가 나 있어. 단지 루크에게만 화가 나 있는 건 아니야. 그를 가장 모욕하는 사람들은 그가 저지른 짓 때문에 그를 미워하는 것 같진 않아. 이상하지. 사람들은 그를 질투하고 있는 것 같으니까. 내 생각에는 그들이 할 수 없는 일을 해버렸기 때문일 거야. 그는 이제 빠져나간 거니까, 안 그래? 살아남은 우리는 이곳에 갇혀서 썩어가고 있는데 그는 농사나 대금 지급이나 다음번 비를 걱정하지 않아도 되잖아.”


   가뭄이 계속 되는 곳은 호주의 가상 마을 키와라다. 에런은 고향인 이곳으로 잠시 돌아왔다. 친구 루크 가족의 장례식에 참석하기 위해서다. 루크는 아내와 자식을 죽이고 스스로 목숨을 끊었다. 이것이 경찰 조사 결과다. 그러나 뭔가 석연찮은 낌새를 눈치 챈 에런은 사건의 내막을 다시 파헤치기 시작한다. 그러한 과정은 물론 순조롭지 않다. “키와라 사람들은 거의 누구나 인내심의 한계에 다다른 상태”일 뿐더러, 거기에 더해 에런의 지난날도 발목 잡혀 있는 탓이다. 10대 시절 그는 여자 친구였던 엘리(베베 베텐코트)의 죽음과 관련되었다. 실제로 에런은 루크와 입을 맞춰 알리바이를 꾸며냈다.

  이러한 이유로 십수 년이 지난 지금에도 그의 결백을 믿지 않는 마을 주민이 적지 않다. 비우호적인 환경 속에서 에런은 난제를 해결해 나가야 하는 것이다. 이 영화는 과거와 현재의 미스터리를 교차하면서 긴장감을 고조시킨다. 에런을 포함한 주요 인물들이 살인 혐의에서 자유롭지 않다는 점이 서스펜스의 핵심이다. 그래서 <드라이>는 화려한 액션신 없이도 긴박감을 자아낸다. 남에게는 진실을 털어놓으라고 다그치지만, 정작 자신의 진실을 털어놓을 수 없는 아이러니한 상황이 에런을 괴롭힌다. “살아남은 우리는 이곳에 갇혀서 썩어가고 있”다는 그레천의 표현은 마을을 떠나 있던 그에게도 예외 없이 적용된다. 건조한 날씨는 삭막해지는 존재성 그 자체다.


열 달 넘도록 이어진 가뭄… 인간성마저 메마른 세상 [지금, 이 영화] | 서울En (seoul.co.kr)
열 달 넘도록 이어진 가뭄… 인간성마저 메마른 세상 [지금, 이 영화]
좋은 작품은 날씨를 허투루 사용하지 않는다. 손창섭 ‘비 오는 날’(1953), 윤흥길 ‘장마’(1973) 등의 한국 소설만 떠올려 봐도 그렇다. 이들 ...
en.seoul.co.kr"
드라이 (The Dry),"드라이
감독
로버트 코놀리
출연
에릭 바나, 제네비에브 오렐리, 키어 오도넬, 존 폴슨
개봉
2022.03.30. 오스트레일리아, 미국, 영국
리뷰보기

누구인가.
누가 그녀를
누가 그 가족을.. 

WHO라는 존재에서부터 출발한 이야기같다
모든 이야기엔 원인과 결과가 있지만.. 
사건은 언제나 결과만 남는다 

남은 결과로 유추하기엔 부족한 흔적들
부족했기에 짐작을하고 짐작은 또 다른 희생자를 필요로 한다 

그의 풀리지 않았던 사건과 
그리고 풀수 밖에 없었던 20년후의 사건 

미해결된 사건의 궁금증
그가 선택한 직업
해결할 수 밖에 없는 과거 

긴장감 넘치는 OST 
그와 함께 추적하는
생각에 생각이 넘쳤던 2시간 
영화 드라이였다 "
뜨거운 피 (Hot Blooded)," 


0. 보기는 봤지만

뭘 하긴 하는데
되는 것이 없듯

돌고 도는 피도
괜히 찔러 빼나?



1. 익숙한 비린내

아직까지 이런 게 뜨겁다고 생각해
언제까지 이렇게 비린내만 풍길까?

피가 튀든 안 튀든 마구잡이식 칼질
그래서 남는 게 뭐란 것쯤은 지겹지



-1. (앉은뱅이 의리)

~않나?
낚싯밥만 아깝, 구려

그때 그 시절 얘기가 이거 뿐이가
얼마나 더 담가야 핏물을 뺄 건데


.
.
.


덧. 바다도 시궁창 

받아서 된대도
받기가 힘들고

배리기 싫어도
배리게 되니까


사족.

망설이지 말고
차라리 튀자고

.
.
.



영화 #뜨거운피 후기 #보기는 #봤지만 #인생 #낭비 #fishylife #익숙한 #비린내 #마구잡이 #칼질
#아깝 #구려 낚싯밥 #그때그시절 #얘기 #얼마나 #더해 #야 #그만 배리나
#제작 배려서 #아까운 #연기 어쩔 
#지겨운 #시궁창 별수 없는 세상 
#최무성 #윤지혜 #정우 #이홍내 #김갑수 #이런 저런 #천명관"
뜨거운 피 (Hot Blooded),"뜨거운 피
감독
천명관
출연
정우, 김갑수, 최무성, 지승현, 이홍내
개봉
2022.03.23. 한국
리뷰보기






       “희수 넌 지키고 싶은 게 뭐야?”
    “예전에는 있었는데··· 하도 더럽게 살다보니까 고마 다 잊어버렸습니다.”
 
2주전에 개봉하여 선전하고 있는 영화.
<뜨거운 피>를 보고 왔다.
 ‘신세계’ 이후에 고만고만한 ‘깡패’영화는 많았던 거 같은데
오랜만에 건달 조직을 정면으로 그린 영화였다.
 

 그냥 그것만이었으면 선뜻 선택하기 어려웠는데
김언수라는 작가의 원작을 영화화했다고 해서 호감이 갔었다.
거기에 주연이 정우라니 
뭔가 ‘믿고 볼’수 있을 거 같은 기대감으로 감상을 시작했다.
 모든 장르 영화가 그렇듯이 아주 새로운 것은 없었다.
그 ‘장르’안에서 어떻게 이야기를 변주해 내는가가 관건인 것이다.
그런 면에서 <뜨거운 피>는 합격점을 주기에 충분했다.

 

1993년.
부산에는 ‘구암파’와 ‘영도파’가 건달들의 양대산맥이었다.
송 영감(김갑수)이 다스리는 구암파에는 충직한 멤버인 ‘희수’(정우)가 있다.
 희수는 고아원에서 자랐는데
그를 받아주고 나름대로 키워준 이가 송영감이기에 희수는 충성을 다하고 있다.
 한편 30년지기 유일한 친구인 ‘철진’은
또 다른 조직에 몸담고 있다.
 희수는 마흔을 곧 앞두고 있어서  생각이 많다.
한편으로는 ‘이 바닥’을 아예 떠서 건달을 청산할 생각도 있는 그다.
 

 하지만 배운게 ‘건달짓’이라고  그 시대에 시작된 ‘성인오락실’에 눈을 뜬 희수.
반신반의 하면서 사업을 시작했는데 이게 대박을 터트렸다.
그야말로 돈을 긁어모으면서 승승장구 하고 있다.
그런데 다른 ‘조직’들은 울상이 되었다.
암암리에 운영되어온 도박판, 카지노 등의 상권이 성인오락실로 휩쓸려가는 것이다.
 다른 조직파들이 이를 수수방관 할리는 없는 법이었고,
희수는 한편으로는 ‘회유’를 다른 편으로는 ‘협박’을 받으면서
송 영감을 ‘제거’하라는 유혹을 받는다.
 한번 맛들인 ‘돈맛’은 쉽게 버릴 수 없는 것이었고
희수는 이제 선택의 기로에 놓이게 되는데.
 


영화는 기존에 오랫동안 보아온 ‘건달’들의 모습을 
이어달리기 바통 받듯이 묘사하고 있다.
그래서 처음에는 좀 적응할 시간이 필요했던 거 같다.
 가장 가까이는 ‘신세계’가 떠오르는 게 당연했고
오래전이지만 신드롬이었던 ‘친구’가 연이어 떠오른 건 부산 배경이어서 였다.
개인적으로 이 장르에서 아끼는 ‘초록물고기’도 떠올랐다.
 원작이 탄탄한 소설이어서인지
이야기가 유려하고 떡밥이 있어서 그걸 맞춰가는 재미가 있다.

 

 특히 ‘대사들’은 소설에서 기인했기에 문어체 적임에도
전혀 어색하지 않았고
배우들이 찰떡같이 잘 살려서 듣는 맛 이랄까 그런게 많았다.
 건달 영화 자체를 싫어하는 이들은 당연히 이 영화를 안 보겠지만
그렇지는 않다면 한번 볼만한 영화이다.

『부산 네이티브』 정우의 대사들은 
특히 사투리 치고는 어찌나 딕션이 좋은지 귀에 때려박힌다.
 알고보니 다른 주인공들, 조연에도 곳곳에 부산 출신 배우들이 있더라.
그래서일까
정우와 상대 배우의 대사들 호흡이 정말 좋다.
 


한국 영화의 개봉을 응원하는 차원에서도
개인적으로 꼭 극장을 사수하고 싶었고 

감사하게 
보고나서도 후회 없었던
<뜨거운 피> 이다~~.
                                  필름 스피릿   for Narnia







 
 

 
 "
뜨거운 피 (Hot Blooded),"오늘 하루는 평소와는 조금 다른 백수의 하루였다. 평소처럼 5시에 일어날려고 했지만, 오늘 따라 더욱 몸이 무겁게 느껴지고, 전 날 우울에 여파로 인해, 늦게 잠든 탓인지, 우울감이 아직도 남아있어서 그런지, 6:30분에 기상을 하였고, 씻고 밥먹고, 평소에는 7시에 바로 헬스를 갔지만, 오늘은 예전부터 보고 싶었던, 뜨거운 피를 상영하는 첫 날이였기에, 제일 빠른 영화를 보고파 10:30분에 수원롯데몰에서 상영하는 것을 보기위해 8시에 헬스장으로 출근을 했다.
하체를 하는 날이였지만, 뭔가 운동이 잘안되었고, 한 세트 하고 핸드폰 보기를 반복하면서 10시가 되기만을 기다렸다.
그리고, 뜨거운 피를 보러 갔다. 수요일 10;30분 영화라서 그런가 영화관에 손님이 6명 정도 밖에 없었다. 거의 전세낸 기분 그 덕분에 영화도 편하게 볼 수 있었다. 내 감상평은 액션신과 배우들의 연기력은 좋았다. 너무 기대를 많이 해서 인가, 뭔가 난 원래 여운을 주는, 기억에 남는 그런 감성적인 영화를 좋아해서인가, 그렇게 까지 여운을 주는 부분은 없었던 것 같았다. 그래도, 기억에 남는 부분은 인생 밑바닥이든, 인생의 상위에 올라가든 허무하다는, 그런 마지막 장면에서 정우배우님의 말이 와닿았다. 그래도, 기존의 한국액션, 느와르에서 실망 했던 사람들이 본다면은 만족할 것 같다. 느와르 이런 부분에서는 아주 좋았다. 일단 배우 한 명 한 명이 다 연기력이 너무 좋았다. 난 이왕이면 영화관에서 집중해서 보는 것을 추천한다. 10점만점에 8점.
손님이 6명 정도 밖에 없었다. 거의 전세낸 기분 그 덕분에 영화도 편하게 볼 수 있었다. 내 감상평은 액션신과 배우들의 연기력은 좋았다.
너
영화를 다 보고 난 뒤, 수원역 서점에 들려서, 그 전부터 보고 싶었는데, 도서관에서 빌리기가 힘든 달러구트2를 사러 갔다. 원래 서점에서 책을 보고, 괜찮은 책 있으면, 도서관에서 보는데 달러구트는 너무 오래 기다려서 못 참고 사러 갔다. 아직 읽지는 않았지만, 조만간 읽고 감상평을 올려보도록 하겠다. 얼른 빨리 알바라도 해야하는데, 아직도 하지않는 내 자신이 너무 안쓰럽고, 해야한다는 것을 알면서도 하지 않는 내 자신이 한심한 하루였다. 얼른 백수 생활을 청산해야하는데, 아무것도 하지않는 삶이 오래 지속되다보니 이런 삶에 적응해버린 내 자신이 얼른 빨리 하루하루 회복해서 성장할 수 있기를 바라며 오늘 일상 끝..
뜨거운 피
감독
천명관
출연
정우, 김갑수, 최무성, 지승현, 이홍내
개봉
2022.03.23. 대한민국
평점
리뷰보기


달러구트 꿈 백화점 2
작가
이미예
출판
팩토리나인
발매
2021.07.27."
뜨거운 피 (Hot Blooded),"3월 23일 개봉했었던 영화 '뜨거운 피'입니다.


'뜨거운 피'는 김언수'작가의 '소설'을 '원작'으로 한 '영화'인데요..

'원작'을 잼나게 읽었던지라..
'영화화'를 기대했었는데 말입니다.

그런데 '코로나'로 인해 '개봉'이 미뤄지더니..
뒤늦게 '개봉'한후에도 '호불호'가 넘 갈리는..

결국 '극장'에서는 못보고
오늘 '올레티비'에 올라왔길래, 시작을 했습니다.


영화는 '희수'가 '영도파'조직의 '회합'에 갔다가..
'용강'에게 '총'을 선물 받는 모습으로 시작이 됩니다.

그 '총'을 건네받은 '희수'가 누군가에게 '총'을 쏘려고 하는데요.

그리고 이야기는 과거로 흘려갑니다.
1993년 부산...


'부산'의 작은 '포구'인 '구암'
그곳의 지배자인 '손영감'입니다..


'희수'는 '손영감'밑에서 온갖 궂은일을 다 맡아하는데요..
표면적으로는 2인자지만..

사실 '손영감'의 조카인 '도다리'가 있으니..
말 그대로 '토사구팽'당할 가능성도 있지요.


그때 '빨래공장'을 운영하는 '용강'이 '손영감'의 '호텔'을 공격하고


'용강'과 대화하려 간 '희수'는
그와 '이야기'를 한후 '자신'의 '처지'에 대해 '고민'하게 되지요..

40이 되어도 아무것도 이룬게 없고..
말 그대로 '손영감'의 뒤치닥꺼리만 하고 있으니...


그런 '희수'의 친구이자 '영도파'의 에이스인 '철진'은
'희수'에게 자신과 같이 일하자고 하는데요..


 그러나 '희수'는 '건달짓'이 더 이상 하기 싫었고..


때마침 '희수'의 연인인 '인숙'
그녀의 아들 '아미'가 '출소'를 합니다.

'아미'는 '희수'를 '친아버지'처럼 따르는데요


이에 더 이상 '건달짓'안하려고..
'손영감'밑에서 나와 ,,,그는 아는 '형님'과 함께 새로운 '사업'을 합니다..


이후 평범한 '삶'을 살려던 '희수'였지만..


'손영감'은 '영도파'와 '거래'를 거부하고..


'구암'과 '영도파'의 '전쟁'이 시작됩니다..


그리고 그와중에 '아미'가 죽게 되는데요..


이에 '희수'는 두 '조직'간의 '전쟁'사이에 껴들게 됩니다..












































 '뜨거운 피'의 배경이 되는 '부산'의 작은 '포구'인 '구암'
그런데 검색해봐도 안나오는것을 보니 가상의 '포구'인듯 싶습니다.

'구암'의 지배자인 '손영감'과 그의 밑에서 온갖 일을 도맡아하는 '희수'
'희수'는 40이 되어도 한게 없다는 사실을 알게 되고...
'손영감'밑에서 벗어나 새로운 '사업'을 시작하는데요..

그러나 거대조직인 '영도파'가 '구암'을 노리고
'영도파'와 '구암'의 '전쟁'이 시작이 되는 가운데..
평범한 '삶'을 누리려는 '희수'의 '희망'은 무너지고 마는데요...


스포있습니다..




평범한 '삶'을 꿈꾸던 '희수'
그러나 결코 쉽지 않는 길입니다..
평생 '건달'로 살아왔고, 그 길을 떠난다는게 말이지요..

저는 '희수'가 죽을줄 알았는데..
마지막에 결국 '손영감'의 '자리'를 차지하는 '모습'으로 끝이 납니다
그러나 결코 '해피엔딩'이 아닌데 말이지요..

그의 뒷모습이 너무 '초라'하게 끝나는..
왠지 안타깝더라구요...

'정우'의 연기는 정말 좋았는데요..
워낙 연기를 잘하는 배우고, '부산 사투리'도 잘하고

'이홍내'는 나올때부터 왠지 '사망플래그'가 있었는데 ㅠㅠ
안타깝던...
그런데 '이홍내'가 '윤지혜'의 '아들'로 나오다니..
'윤지혜'가 그렇게 나이 들었나 싶기도....

'손영감'으로 나오는 '김갑수'
이번에도 역시 '사망전대'를 이루시는 ㅠㅠ

'정우'의 절친이자 '라이벌'로 나오는 '지승현'
그의 '연기'도 좋았는데요..

그외에 반가운 배우들이 가득 나옵니다..

작은 포구인 '구암'을 둘러싼 피비린내나는 '전쟁'과
그 속에서 평범한 '삶'을 소원하던 '희수'의 이야기..

워낙 '호불호'가 갈리고 '악평'이 많아서 걱정하고 봤는데
충분히 '킬링타임용'은 되는듯 싶습니다..
'조폭영화'지만 왠지 짠하기도 했었습니다..

'기대치'가 낮아서 그런지 괜찮게 봤었던 '뜨거운 피'였습니다.
볼만했어요...ㅋㅋㅋㅋ

뜨거운 피
감독
천명관
출연
정우, 김갑수
개봉
2022.03.23. 대한민국
평점
리뷰보기"
뜨거운 피 (Hot Blooded),"[영화 뜨거운 피]흥건하게 흐르는 뜨거운 피에서 김이 모락모락

영화 제목부터 식상하고 유치하다.
알고 보니 김언수 작가의 소설을 영화화 하였다.
낮에 먼저 영화를 본 뚱여사가 저녁에 예매한 나에게 예매취소하라고 강력하게 주장하였다.
장르와 완성도를 가리지 않고 1년에 영화 200편을 보는 뚱여사는 웬만하면 영화에 대한 비추를 하지 않는다.
얼마나 허술하면 취소하라고 했을까? 오히려 궁금해서 퇴근 후 영화관에 들어섰다.
결론은 뚱여사와 정반대로 뜨거운 피는 만족스러웠다.

부산의 작은 해변과 항구가 있는 가상의 동네 구암을 둘러싼 전형적인 한국형 조폭 영화다.
조폭을 미화하지 않고 나락으로 떨어지는 치졸한 암투를 날것으로 살려내었다. 


희수(정우)는 구암의 실세 손영감이 운영하는 만리장 호텔에서 일하는 건달이다.
동네의 자잘한 애로사항을 해결하는 부지런하고 깡 있는 건달이다.
1993년 부산을 완벽하게 재현하기에 제작비 압박을 영리하게 비슷한 분위기만으로 보완하였다.
정우는 부산사투리에 특화된 배우다.
정확한 부산사투리 판단을 못하지만 출연자 모두가 억세고 둔탁한 부산 사투리로 언뜻 대사를 놓치게 된다.
대사 의미를 몰라도 화면만으로 줄거리를 이해하는데 충분하다.
스토리 자체는 사건 없이 단순하게 조폭 삶에 비집고 들어가 옆에서 지켜 보는 형식을 취한다.


손영감(김갑수)은 겉으로는 부하를 위해줘도 실속을 차리는 전형적인 조직 우두머리다.
작은 조직이지만 구역 내 이권을 합리적으로 운영하는 이중적인 인물이다.
김갑수하면 등장하자마자 죽어야 정상인데 끝까지 버틴다.
그가 등장하면 언제 죽을까 기다리는 조건반사 현상이 우습다.


희수는 20년을 사랑한 술집 여인과 함께 살아간다.
그녀는 아들 아미를 홀로 키웠는데 아미 역시 건달의 세계에서 감방을 들락거린다.
조폭 세계를 탈출하고 싶은 희수는 가정을 꾸려 거제도에 펜션을 차리는 것이 꿈이다.
뜨거운 피는 홍콩느와르도 아니고 프랑스 느와르도 아니다.
기존의 한국형 느와르와도 다르다.
그렇다고 색다른 새로움 보다는 익숙한 공식을 따른다.
군더더기 없이 범죄의 이권 다툼에 집중한 스토리와 사실적인 건달 세계를 여과 없이, 과장 없이 보여주어 익숙함과 신선함이 공존한다.
마약, 인신매매, 도박, 주류유통, 성인오락 등 조폭이 쉽게 접근 가능한 사업이 총망라 되었다.


조폭의 세계에 충직한 삶을 살면서 떠나고 싶은 희수의 감정을 정우는 굵직하게 연기하였다.
조폭 연기와 상반된 나약하고 인간적인 모습은 어쩌면 조폭이라는 어둡고 지저분한 세계를 드러내는 장치다.
욕설, 폭력이 난무하지만 제작사는 선정적인 장면을 최소화하면서 15세 관람가 판정을 받았다.
선정적 장면이 없어 거친 남자 세계를 부각 시키는 효과를 주어 몰입도를 높이는 효과를 보았다.
부산하면 연상되는 대중가요와 암울한 OST가 교차되면서 무게감을 높였다.
음악을 맡은 윤일상은 느와르의 진중한 분위기부터 암투로 얼룩진 어두움을 역설적인 가벼운 음악으로 속도감을 가중 시킨다.  


남자 배우 가운데 악당들은 모두 한 자리에 모였다.
B급 영화에 악당이라면 한 가닥 하는 배우들은 저마다 분위기를 잡는다.
지승현은 종전의 야비한 조연급에서 뜨거운 피는 정우와 스토리를 이끌어 간다.
기존의 연기와 다른 색다른 모습은 필요없다.
지승현의 장점을 길게 분량을 늘려 보니 그의 냉혹한 눈빛이 더욱 빛을 발한다.
전자오락기계 사장, 사채업차, 마약판매상 등등 악당들이 한 곳에 모여 피바다 파티에 참석하는 영화다.
가장 멋진 연기를 편친 정우의 숨은 행동대원 칼잡이 노인이 인상적이었다.


악당 가운데 가장 악당은 최무성이 맡았다.
개성 넘치는 연기지만 최고의 악당으로 미흡해서 아쉽다.
수위 조절이 필요한 한국영화 특성상 예상보다는 부드러운 인상을 너무 많이 보여 주었다.
실내 촬영에서 조명은 느와르 분위기를 살려 빛보다 그림자에 치중하였다.
짙은 그림자가 조명을 만나 사라지는 순간 긴장감이 더해졌다.


조폭은 아무리 미화해도 가장 저급한 행위다.
희수는 조폭이 도리 수 밖에 없는 환경에서 태어난 고뇌 하는 악당이다.
그렇다고 사회가 건달을 만들었다는 교훈적인 메세지는 필요 없다.
그냥 쓰레기면 쓰레기일 뿐이다.
영화를 보면 와! 조폭이 멋지다는 감정보다 밑바닥 시궁창 인생의 질퍽이는 모습을 확인하였다. 


오프닝 장면과 엔딩 장면이 겹쳐지는 형식이라 영화 초반부터 결말이 예상되었다.
예정된 결말을 시간 순으로 정직하게 풀어 나가 반전과 복선이 전혀 없는 평면적 전개다.
단순한 구성이 거북한 조폭 영화를 편안하게 관람하게 도와 준다.
이제는 그만 버려도 되는 조폭 소재를 다시 꺼낸 용기가 무모해 보이면서 묘한 공감을 일으켰다.
분위기보다 직설적인 행동에서 리얼리티를 살려서 흐른 흥건한 피에 김이 모락모락 피어 오른다.

뜨거운 피
감독
천명관
출연
정우, 김갑수, 최무성, 지승현, 이홍내
개봉
2022.03.23. 대한민국
평점
리뷰보기


 "
뜨거운 피 (Hot Blooded),"뜨거운 피
감독
천명관
출연
정우, 김갑수
개봉
2022.03.23. 한국
평점
리뷰보기
 <!--[endif]-->

정우 주연의 [뜨거운 피]는 부산을 배경으로 하는 한국형 조폭 영화다. 한국형 조폭 영화는 “친구” 이후로 너무나 많이 제작되어 왔는데, 그 중에는 몇몇 괜찮은 작품들이 있지만 대부분의 작품들이 완성도가 낮고 그 나물의 그 밥 같이 천편일률에서 벗어나지 못했다. 아쉽게도 [뜨거운 피]도 좋은 작품은 아니다.
    부산의 구암에 이미 자리를 잡고 있는 조직과 부산 구암에서 새로운 사업을 시작하려는 조직이 서로 눈치를 보다가 결국 두 조직 모두가 파멸에 도달하는 전쟁을 벌인다는 내용이 [뜨거운 피]의 전체적인 줄거리인데, 이는 작년 11월에 개봉했던 영화 “강릉”에서 봤던 내용과 무척 유사하게 보인다.
  “강릉”의 경우 등장하는 캐릭터의 동기가 명확하지 않아서 도통 몰입하기가 어려웠는데, 다행스럽게도 [뜨거운 피]에 등장하는 캐릭터들은 특정 상황에 대해서 왜 그러한 행동을 하는지 어느 정도 이해가 갈 수 있을 정도로 동기에 대한 묘사를 좀 더 잘 하였다. 그래서 “강릉”보다는 훨씬 볼만한 영화다.
      하지만 그렇다고 해서 [뜨거운 피]가 훌륭한 영화는 아니다. 앞서 언급했던 전체적인 줄거리는 한국형 조폭 영화를 떠올렸을 때 이미 예상 가능한 줄거리이고, 세세한 디테일에 있어서도 그다지 새로울 것이 없다. 인물에 대해 좀 더 몰입할 수 있다고 해서 진부한 줄거리가 주는 지루함을 극복할 수는 없다.
  배우들은 자신의 캐릭터에 잘 맞는 좋은 연기를 펼치지만, 몇몇 캐릭터는 아예 완전히 삭제해도 될 만큼 불필요해 보이기도 하다. 그래서 후반부로 갈수록 굳이 그렇게 연기를 강조해서 할 필요가 있었나 싶기도 하다. 또한 다소 많은 캐릭터들 때문에 진행이 계속 산발적으로 분산되는 것도 단점이라 할 수 있다.
      차라리 캐릭터들의 숫자를 줄이는 대신 이야기를 좀 더 촘촘하게 만들었거나, 아예 긴 시간을 통해서 각각의 캐릭터들에 대한 묘사를 좀 더 길게 하였다면 괜찮지 않았을까 싶다. 아니면 [뜨거운 피]의 진부한 이야기를 완전히 새롭고 참신하게 만드는 것이 영화의 근본적인 해결법이었을 것 같다.
    "
뜨거운 피 (Hot Blooded),"뜨거운 피
감독
천명관
출연
정우, 김갑수, 최무성, 지승현, 이홍내
개봉
2022.03.23. 한국
평점
리뷰보기


천명관 감독이 연출한 <뜨거운 피>는 김언수 작가의 동명소설을 원작으로 한 작품이자 소설가 천명관의 감독 데뷔작입니다.
  부산 변두리의 작은 포구 구암에서 절대적인 힘을 가진 손영감(김갑수)은 그의 밑에서 수 년 동안 함께 해 온 희수(정우)라는 인물이 있습니다. 하지만 그는 크게 이루어놓은 것 없이 세월만 보내고 있습니다. 고향 절친인 철진(지승현)은 거대 조직인 영도파의 에이스로 자리 잡으면서 희수와 비교됩니다.
  그러던 와중 영도파 회장은 세력 확장을 위해 부산의 여러 군데를 물색하다가 작은 항구지만 중요한 거래처가 될 수 있는 구암을 노립니다. 하지만 손영감도 순순히 내어줄 생각을 하지 않아 곧 전쟁을 치르게 됩니다. 여기서 희수와 철진은 부딪히게 되고 결국 누군가는 희생당해야하는 처지에 놓이게 됩니다.
  부산 지역을 배경으로 한 로컬무비입니다. 그리고 정통 느와르를 표방한 작품이기도 하고요. 부산과 느와르는 영화 <친구> 이후 마치 딱 달라붙어 있는 한 쌍과도 같아 보입니다. 아무튼 이 작품에서도 '구암'이라는 조금은 생소한 지역을 주요 로케이션으로 사용하고 있습니다.
  희수라는 캐릭터는 의리도 있고 정도 많아 보이지는 일(?)을 해결하는데에 있어서는 정말 냉정합니다. 그리고 살인도 서슴치않고요. 또한 극이 진행되면서 자기가 지켜야 될 것이 조금씩 늘어나면서 이러한 측면은 좀 더 강조됩니다. <우아한 세계>의 강인구처럼 생활형 조폭이기도 한 희수는 자신이 좋아하는 여자와 함께 살면서 그녀의 아들까지 케어합니다. 이런 인간적인 모습과 조폭의 모습이 대비되면서 캐릭터를 입체감 있게 만들어줍니다.
  하지만 주인공 캐릭터를 제외한 모든 캐릭터가 인상적이지 않았습니다. 특히 어색한 부산 사투리연기 때문에 감정이입이 많이 깨졌습니다. 감독이자 배우인 김해곤의 사투리 연기는 경상도 출신이 아닌 사람도 어색함이 느껴질 정도로 어색한 딕션을 보여줍니다. 조연으로서 중요한 역할인데 많이 아쉽더라고요.
  이 영화의 가장 이슈거리는 아마도 소설과 천명관의 영화 데뷔일 것입니다. 소설가로서 영화감독의 성공은 쉽지 않을 것인데 대단한 도전이라고 생각합니다. 이미 문학계에선 너무나 유명한 사람이니까요. 원태인 시인과 같은 실패 사례도 있으니 더욱 더 그러할 것입니다. 하지만 거꾸로 세계적인 거장이 된 이창동 감독도 있긴 합니다.
  아무튼 그의 첫 작품을 성공적이라고 보긴 힘들 것 같습니다. 연출, 이야기 등 큰 특징이 없기 때문입니다. 그리고 앞서 언급한 것처럼 소설가와 영화감독이 가장 다른 측면은 만든 캐릭터가 상상이 아니라 실제 사람이 그것을 현실로 구현한다는 것인데 대부분의 연기가 썩 좋지 못했습니다. 배우 출신 감독들이 연기 디렉팅이 좋다는 것이 이와 대척점에 놓인 게 아닌가 싶습니다. 그가 다음 작품을 또 찍을 수 있을지 모르겠지만 이 부분을 좀 더 신경 써서 연출해야 될 것 같다는 생각이 들었습니다."
뜨거운 피 (Hot Blooded),"뜨거운 피
감독
천명관
출연
정우, 김갑수
개봉
2022.03.23. 한국
평점
리뷰보기

보통 조폭 영화를 보면
무겁거나 어둡거나 차갑거나 아니면 반대로 뜨겁거나
또는 비열하거나. 
사람 냄새 풍기며 웃기고 멋지게 포장할때도 있고.

뜨거운 피에는 이런것들이 다 들어 있다.
그럼 엄~청 재밌어야 하는데 볼땐 딱히 재미가 없더라.

대부분 어디선가 본 장면이나 이야기들이고.
자연스럽게 하려고 한건지 모르겠는데 독하거나 자극적인것도 부족했던것 같다.

내가 좋아하는 배우들도 많이 나오고 이야기도 나쁘지 않은것 같은데
보고 나오면서 딱히 기억에 남는 장면이라던가 느낌은 없었다."
뜨거운 피 (Hot Blooded),"1988년 직선제로 선출된 노태우 대통령은 취임 이후 ‘범죄와의 전쟁’을 선포한다. 노태우 정부는 1990년 10월 13일 범죄와의 전쟁 선포 이후 2년 동안 5대 강력범죄(살인·강간·강도·절도·폭력)의 발생률이 5.9％ 감소했다. 또 1991년 3월 ‘풍속영업의 규제에 관한 법률’ 제정으로 1년 동안 조폭 1,923명을 검거하는 성과를 올렸다.

영화는 1993년 부산 어느 변두리에 위치한 가상의 작은 항구도시 ‘구암’을 차지하기 위한 조폭들의 이야기를 그린 작품이다.

이곳 구암에서 나고, 자란 손 영감(김갑수 분)는 ‘만리장’이라는 구암 유일의 관광호텔을 운영하고 있다. 그는 중국산 고춧가루를 국산으로 둔갑해 파는 등의 자잘한 사업은 손대도, 마약이나 불법도박 같은 덩치가 큰 사업은 겁이 나서 손댈 생각도 하지 않는 인물이다.

그의 밑에서 일하는 박희수(정우 분)는 여러 잡다한 일을 대신 처리해 주면서 사실상 구암의 실세로 자리 잡고 살아가는 인물이다.

그런 그에게 주류도매상인 양동은 그에게 자기랑 같이 성인오락기 판매 사업을 해 보자고 한다.

희수로부터 얘기를 들은 손 영감은 곧 구암에 피바람이 불 것을 직감한다.

아니나 다를까 희수와 양동의 성인오락기 사업 때문에 영도파의 파친코 사업이 타격을 입게 된다. 영도파는 희수의 30년지기 절친 철진(지승현 분)을 내세워 희수에게 동업을 제안하지만, 희수는 단번에 이를 거절한다.

결국 손 영감의 직감대로 작은 항구도시 구암에서 서로 죽고, 죽이는 전쟁이 일어난다.

영화 <뜨거운 피>는 소설 <고래> <고령화가족>을 집필한 천명관 작가의 연출 데뷔작이다.

그는 소설 <뜨거운 피>를 쓴 김언수 작가로부터 제안을 받고 메가폰을 잡았다.

천 감독은 16일 열린 기자간담회에서 김 작가로부터 제안을 받은 후 소설을 읽어보니 욕심날만큼 재미있어서 메가폰을 잡기로 결심했다고 밝혔다.

그는 긴 장편소설을 2시간 안에 보여주는데 중점을 두고 각색했다며, 다른 범죄영화와 달리 밑바닥 인생을 보여주려 했다고 설명했다.

그런 까닭에 이 영화는 다른 범죄영화 속 조폭들처럼 정장을 입고 싸우거나, 고급 술집에서 양주를 마시는 장면은 찾아보기 힘들다.

바로 그 부분이 다른 누아르 영화와의 차별점이라 할 수 있다.

또, 그동안 영화에서 보기 힘들었던 부산의 모습을 보여주는데 중점을 두고 적당한 장소를 찾아 여기저기 다녔다고 한다.

기존 범죄영화와 다른 결을 보여주는 영화 <뜨거운 피>는 오는 23일 개봉한다.

/마이스타 이경헌 기자

기사 원문보기 http://www.mystar.ne.kr/archives/10044
[마이스타] 밑바닥 건달들의 이야기
1988년 직선제로 선출된 노태우 대통령은 취임 이후 ‘범죄와의 전쟁’을 선포한다. 노태우 정부는 1990년 10월 13일 범죄와의 전쟁 선포 이후 2년...
www.mystar.ne.kr
뜨거운 피
감독
천명관
출연
정우, 김갑수, 최무성, 지승현, 이홍내
개봉
2022.03.23. 대한민국
리뷰보기"
뜨거운 피 (Hot Blooded),"영화 [뜨거운 피] 1차 예고편 : 정우, 김갑수, 최무성, 이홍내 : 2022.03.23 : 범죄



부산 변두리 작은 포구 '구암'의 절대적인 주인 '손영감’(김갑수),
그의 밑에서 수년간 수족으로 일해온 '희수'(정우)는
무엇 하나 이뤄낸 것 없이, 큰돈 한번 만져보지 못한 채 반복되는 건달 짓이 지긋지긋하다.
 1993년, 범죄와의 전쟁 이후 새로운 구역을 집어삼키기 위해 물색중인 영도파 건달들은
아무도 관심 갖지 않는 ‘구암’에 눈독을 들이고,
영도파 에이스이자 ‘희수’의 오랜 친구 '철진'(지승현)이 '희수'에게 은밀히 접근한다.
 새로운 삶을 시작하려는 ‘희수’는 갈등하고,
조용하던 ‘구암’을 차지하려는 밑바닥 건달들의 치열한 생존 싸움이 시작되는데...
 더 이상 물러날 곳도 도망칠 곳도 없다.
누구든 망설이는 놈이 진다!
2022.03.23 / Hot Blooded, 2020

감독: 천명관
출연: 정우, 김갑수, 최무성, 지승현, 이홍내, 윤지혜, 서정우

* 정보
https://movie.naver.com/movie/bi/mi/basic.naver?code=183862





영화 [뜨거운 피] 2차 예고편 : 정우, 김갑수, 최무성, 이홍내, 윤지혜 : 2022.03.23 : 범죄





영화 [뜨거운 피] 캐릭터 예고편 : 정우, 김갑수, 최무성, 이홍내, 윤지혜 : 2022.03.23 : 범죄




영화 [뜨거운 피] '부산갈매기' 뮤비 영상 : 정우, 김갑수, 최무성, 이홍내, 윤지혜 : 2022




영화 [뜨거운 피] 제작기 예고편 : 정우, 김갑수, 최무성, 이홍내, 윤지혜 : 2022.03.23 : 범죄



























영화 [재심] 강하늘, 정우 직캠 : 영화 '재심' 쇼케이스 : 편집직캠 : 코엑스몰 라이브 플라자 170214 "
뜨거운 피 (Hot Blooded),"감독 : 천명관
출연 : 정우, 김갑수, 지승현, 최무성, 이홍내, 윤지혜


누구든 망설이는 놈이 진다!

부산 변두리 작은 포구 '구암'의 절대적인 주인 '손영감 (김갑수)', 그의 밑에서 수년간 수족으로 일해온 '희수 (정우)'는 무엇 하나 이뤄낸 것 없이, 큰돈 한번 만져보지 못한 채 반복되는 건달 짓이 지긋지긋하다. 1993년, 범죄와의 전쟁 이후 새로운 구역을 집어삼키기 위해 물색중인 영도파 건달들은 아무도 관심 갖지 않는 ‘구암’에 눈독을 들이고, 영도파 에이스이자 ‘희수’의 오랜 친구 '철진 (지승현)'이 '희수'에게 은밀히 접근한다. 새로운 삶을 시작하려는 ‘희수’는 갈등하고, 조용하던 ‘구암’을 차지하려는 밑바닥 건달들의 치열한 생존 싸움이 시작되는데... 



부산 변두리 작은 포구 '구암'의 건달 '희수'.. 수년간 '구암의 절대적 주인인 '손영감'의 수족으로 일하고 있습니다. 하지만, 큰돈 한번 만져보지 못해 회의를 느낍니다. 그러던 어느날 '영도파'의 에이스이자 ‘희수’의 오랜 친구 '철진'이 접근하면서, '희수'는 갈등을 하며 흔들리기 시작합니다. 영화는 부산의 '구암'을 두고 펼쳐지는 건달들의 물고물리는 전쟁을 그리면서, 그 중심에 있는 주인공 '희수'의 이야기를 그렸습니다. 건달로써 뭔가 크게 하고 싶어하는데, 그렇게 하기 위해서 누군가를 희생 시켜야하고 배신을 해야하는 건달세계의 섭리를 겪고 느끼며 '희수'는 자신이 꿈꾸며 생각한것과 차이를 느끼는등 갈등하고 흔들리는 '희수'의 감정을 보여주며 긴장감을 줍니다. 그런상황속 '희수'가 아끼고 사랑하는 이들이 자신때문에 희생달하며 자신까지 위협을 받는등 점점 나락으로 떨어지고 있는 자신의 모습에 혼란을 겪는등 '희수'의 감정은 점점 폭발을 하며 결국 선택을 하게되며 영화는 극으로 치닫습니다. '희수'를 연기한 '정우'의 감성연기가 좋았고 건달세게를 잘 보여주며 그런 세계속에서 건달이닌 사람으로써 겪고 느꼈던 '희수'의 감성을 보여주며 긴장감속 재미를 주었습니다. 소설이 원작인만큼 느와르로써 탄탄한 구성과 함께 배우들의 연기가 좋았고 재밌었습니다.





송씨네 - 최신영화정보, 시사회, 무대인사 동영상 가득  
[송씨네] 뜨거운 피 (Hot Blooded) - 누구든 망설이는 놈이 진다!
송씨네 영화 박스오피스 | 밴드
최신영화정보와 무대인사와 시사회 동영상을 공유하고 함께 영화보러가요
band.us"
뜨거운 피 (Hot Blooded),"뜨거운 피
감독
천명관
출연
정우, 김갑수, 최무성, 지승현, 이홍내
개봉
2022.03.23. 대한민국
리뷰보기


오래간만에 아는 지인과 같이 오전에 본 영화로, 소설가 김언수가 2016년에 출판을 한 소설이 원작인 '뜨거운 피'.

어찌 보면 작년 11월에 본 '강릉'에서 배경이 강릉에서 부산으로 바뀌고, 강릉 최대의 리조트의 소유권에서 부산의 작은 포구로 바뀐 것 빼고는

약간 비슷한 전개와 색감의 느낌? 다만 강릉은 청소년 관람불가이고 뜨거운 피는 15세 이상이라 액션과 잔혹함의 표현 차이가 있고, 강릉에선 유오성의 김길석과

장혁의 이민석의 두 명이 있다면 이 영화에선 정우의 희수가 거의 메인 주인공 급으로 활약. 개인적으로는 마약 밀수꾼으로 등장한 최무성의

용강이 의외로 강렬하게 느껴지는데, 응답하라 1988과는 너무 다른 분위기라서 그런 듯. 그나저나 강릉도 나오고 부산도 나오는데, 이러다가 나중에

목포와 포항 등 다른 항구 도시가 배경인 조폭 영화들도 나오는 것은 아니겠지요?





동영상
[뜨거운 피] 1차 예고편
2022년 가장 강렬한 #느와르 #뜨거운피 1차 예고편 공개!부산 밑바닥 건달들의 치열한 생존 싸움누구든 망설이는 놈이 진다#정우 #김갑수 #최무성 ...
www.youtube.com"
뜨거운 피 (Hot Blooded),"나같이 사는 놈은 둘중 하나가 된다고 했다.
저 밑바닥까지 떨어지거나 저 위로 올라가서
왕이 되거나.
[박희수: 정우]

세상은 멋진 놈이 아니라 쉬벌놈이 이기는 거다.
[손영감: 김갑수]

명심하레이. 싸움은 망설이는 놈이 지는 기다.
[손영감: 김갑수]

내도 나이 마흔입니더.
죽을 때 죽더라도 뭔가 해봐야지예.
[박희수: 정우]

저 밑바닥 끝까지 떨어지거나 저 위로 올라가서
왕이 되거나! 니는 어디로 갈끼고?
[용강: 최무성]

내 잠깐 빵에 가 있었더니 쥐새끼가 주인 행세를
하고 있었구먼.
[용강: 최무성]

오늘 항구를 못 받아오면 니 목숨이라도 받아오란다.
[철진: 지승현]

저는 영도 양아치 놈들. 하나도 안 무섭습니다.
[아미: 이홍내]

- 뜨거운 피 (2020) -"
뜨거운 피 (Hot Blooded),"한때 우리나라에서 홍콩 르와르 영화가 난리를 치던 때가 있었다.

특히 '영웅본색' '첩혈쌍웅'등 그 영향을 받았나 이 영화 홍콩 르와르 버금가게 잘 만들었다.

일단은 주연 배우들은 물론이고 출연하는 조연부터 엑스트라들까지 대단한 연기들이다.

전체적인 구성과 연출에서는 아쉬운 부분들은 있지만 이전에 영화들에 비하면 완성도가 높은 편이다.

영화관 가서 나올 때 정말 돈 아까운 한국 영화들 많지만 이 영화는 돈이나 시간만큼은 아깝지 않을 것이다.
 
Hot Blooded , 2020


뜨거운 피
감독
천명관
출연
정우, 김갑수, 최무성, 지승현, 이홍내
개봉
2022.03.23. 한국
리뷰보기"
뜨거운 피 (Hot Blooded),"감독 : 천명관
출연 : 정우, 김갑수, 지승현, 최무성, 이홍내, 윤지혜


누구든 망설이는 놈이 진다!

부산 변두리 작은 포구 '구암'의 절대적인 주인 '손영감 (김갑수)', 그의 밑에서 수년간 수족으로 일해온 '희수 (정우)'는 무엇 하나 이뤄낸 것 없이, 큰돈 한번 만져보지 못한 채 반복되는 건달 짓이 지긋지긋하다. 1993년, 범죄와의 전쟁 이후 새로운 구역을 집어삼키기 위해 물색중인 영도파 건달들은 아무도 관심 갖지 않는 ‘구암’에 눈독을 들이고, 영도파 에이스이자 ‘희수’의 오랜 친구 '철진 (지승현)'이 '희수'에게 은밀히 접근한다. 새로운 삶을 시작하려는 ‘희수’는 갈등하고, 조용하던 ‘구암’을 차지하려는 밑바닥 건달들의 치열한 생존 싸움이 시작되는데...

 
부산 변두리 작은 포구 '구암'의 건달 '희수'.. 수년간 '구암의 절대적 주인인 '손영감'의 수족으로 일하고 있습니다. 하지만, 큰돈 한번 만져보지 못해 회의를 느낍니다. 그러던 어느날 '영도파'의 에이스이자 ‘희수’의 오랜 친구 '철진'이 접근하면서, '희수'는 갈등을 하며 흔들리기 시작합니다. 영화는 부산의 '구암'을 두고 펼쳐지는 건달들의 물고물리는 전쟁을 그리면서, 그 중심에 있는 주인공 '희수'의 이야기를 그렸습니다. 건달로써 뭔가 크게 하고 싶어하는데, 그렇게 하기 위해서 누군가를 희생 시켜야하고 배신을 해야하는 건달세계의 섭리를 겪고 느끼며 '희수'는 자신이 꿈꾸며 생각한것과 차이를 느끼는등 갈등하고 흔들리는 '희수'의 감정을 보여주며 긴장감을 줍니다. 그런상황속 '희수'가 아끼고 사랑하는 이들이 자신때문에 희생달하며 자신까지 위협을 받는등 점점 나락으로 떨어지고 있는 자신의 모습에 혼란을 겪는등 '희수'의 감정은 점점 폭발을 하며 결국 선택을 하게되며 영화는 극으로 치닫습니다. '희수'를 연기한 '정우'의 감성연기가 좋았고 건달세게를 잘 보여주며 그런 세계속에서 건달이닌 사람으로써 겪고 느꼈던 '희수'의 감성을 보여주며 긴장감속 재미를 주었습니다. 소설이 원작인만큼 느와르로써 탄탄한 구성과 함께 배우들의 연기가 좋았고 재밌었습니다.


송씨네 - 최신영화정보, 시사회, 무대인사 동영상 가득  
[송씨네] 뜨거운 피 (Hot Blooded) - 누구든 망설이는 놈이 진다!
송씨네 영화 박스오피스 | 밴드
최신영화정보와 무대인사와 시사회 동영상을 공유하고 함께 영화보러가요
band.us"
뜨거운 피 (Hot Blooded),"[명대사]
저위로 올라가서 왕이 되거나, 저 밑바닥까지 떨어지거나

희수야 니는 어디로 갈끼고? 내는 저 밑바닥까지 가뿔라 하는데에 ㅋㅋㅋㅋ-용강 최무성

싸움은 망설이는 놈이 지는기다.-손영감김갑수

내는 니랑 싸우고 싶은 생각업다.-희수정우

이기 니가 생각하는 그런 싸움 아이다.-지승현

내 아는 어떤분이 그럽디다. 싸움은 멋있는 놈이 이기는게 아이고
XXX이 이기는 기라고.-희수정우

마 그냥 전쟁 하입시다.-희수정우

이기 개싸움이지-희수정우

아부지 아부지라 불러도 됩니까아? 잘생긴 아들 고기 한번 사주이소-아미이홍내

내 일어나서 갈라 했는데에 양아치들 한테 칼마아가꼬 못일어 나겠심더어..울어무이 한테 잘해주이소-아미이홍내

# 피칠갑하는 느와르의 전형
이 영화 어떤 경찰과의 커넥션도...아니면 가오만 잡는 건달들의 이야기도 아니고
그냥 총질하고 칼질하는 어떤 피칠갑도 아니다.
부산 사람이라 그런지...그 부산 사투리..그리고 정우의 고뇌하는듯한 눈빛 연기
모든 동선...그리고 그 사람들과의 갈등이 너무나 사실적이어서 좋았다고 말하고 싶다.
솔직히 친구, 신세계 이후 많은 한국형 느와르가 나왔고,
선두에 설거라고 장담했지만 너무나 많은 복사판에
그리고 말도안되는 헬파티 칼부림에 그냥 깡패 나오는 영화는 안본다라고
하는 사람들도 많은데...

명대사 부터 캐릭터의 멋진 조화...그리고 구암을 둔 사실적 쟁탈전...갈등등
정말 있을법한 이야기를 소설 원작으로 해서 그런지 너무나 좋았고
정말 전쟁과도 같은 데스메치는 살벌함 그자체...좀 뒤엔 과하다 싶은 구성도 있었지만
뺄것은 빼고 더할것은 더하고 진정 짠내나고 피비린내 나는 갈등과 조화의 
완벽한 melting pot 이 이 영화 뜨거운피 제목 자체다.

#악의 평범성에 대하여
사실 희수 (정우) 같은 경우 구암에서 자란 성실히 일해서
그냥 자기 먹고 살고 최선을 다하는 말 그대로 악이라 할수 없는
그런 평범성을 지니는데, 앞뒤가 꽉막혀 토할것 같은
절대 절명의 입장에 있을때 바뀌는 심리 묘사와 
맨 마지막에 "" 니는 왜 나를 파트너로 정했는데..""라는 대사가 나올때
느껴지는 그 비장함...그리고 한번도 피도 섞이지 않은 혈육이지만
그것을 위해 선택하는 그 마지막 결단은 과연 이 영화가 여타의 조폭 칼부림 영화
가장 최근작이었던 ㄱㄹ과는 어떤 차별화를 주는지 알수 있었다.

#모든것이 악몽으로 변할때
즉 악은 디테일과 즉흥력에 강하지만
어쩌면 그것을 넘어서는 절대악은 하나의 청사진을 그린다는것
이것이 회귀선이라 어쩌면 뒤를 칠수 있는 악의 물고 뜯기는 악순환을 가져올지라도
마지막 걸어나오는 부분에서 그 결말은 아마도 누가 절대악이고 폭력의 끝을 보여주는게
아니라 그가 사는 삶도 지옥 그자체이지만 그것을 반드시 겪고
끝까지 살아내겠다는 하나의 눈물의 비장미가 느껴졌다.
한때 잘나갔던 사람에게 붙었다가 떨어지고 다시 빌붙고
그 과정속에서 어쩌면 가슴은 면도날로 베어내는듯 아프고
고통 스러울지라도, 한없이 깨어질지라도
자신의 조각대로 맞추는 과정...하나의 꿈과 의지를 베어버리지 않은
그 마지막 결단력은 아무 의미 없이 칼로만 쑤셔데고 주뎅이 조심하라고
자기의 밥그릇만 찾던 여타의과정과는 달랐다.

나의 꿈이 사라져갈때 악몽으로 사라져 갈때 
반드시 잊어서는 안되는 한가지는..그 악의 수렁텅이에서도
반드시 기억해야 하는 나를 잡던 순수와 인간성의 모든것 이지 않을까..

결론:
나는 왜 결말을 저렇게 하나? 차라리 20분 더 늘려서 호텔에서 빠져 나올때
진짜 달콤한 인생 비슷하게 그렇게 하거나, 차에서 나와 바다로 갈때
저거 푸욱 쑤시겠지 생각했던것은 나만의 오판이었다.
그렇게 되었다면 여타의 그냥 짝퉁 조폭 영화 처럼 되었을텐데 말이다.
처음에는 좋지 않았지만 곱씹어보고 정우 배우 연기를 생각하고
모든 조연 배우들의 연기를 보자면 이 영화 나쁘지는 않구나를 생각한
모든 연출과 미장센, 연기에서 빛나던 하나의 평작 중에 하나가 아닐까..

추천합니다 : 오랫만에 본 찐느와르...조폭들만의 세계와 사나이의 눈물

비추천합니다 : 조폭 영화 다시는 안본다고 이야기 하시는 분들..

평점 : 10점 만점에 8.023점"
뜨거운 피 (Hot Blooded),"동영상이 첨부되었습니다. 원본보기

'뜨거운 피 (Hot Blooded)' 무대인사 직촬 동영상
천명관 감독, 이홍내, 최무성, 정우

- 어! 4..4단게.. 인상에 비해 순수하고 맑은 '이홍내'배우
잘생겼네요~ㅎㅎ 근데, 머리.. 가발인가??
영화와다르게 무게감을 보여주는 '최무성'배우님..
은근한 카리스마가..와우~ 예전의 '박보검'아빠가 아니네요~ㅋㅋㅋㅋ
촬영당시 잠시 딴생각을 해서 그런가 '정우'배우 아닌줄..
목소리도 내가 아는 '정우'가 아니였던것 같고..
그래서 가까이 왔었는데도 정신 못차리고 다른곳을 촬영했네요~ㅠㅠ
나도 주먹인사 하고 싶었는데..ㅠㅠ
뭔생각을 하고 있었는지.. 그래도 잘생김과 멋짐은 마스크가 가려지지가 않네요~
그나저나..
'김갑수'배우님의 부재에 너무 아쉬워하는 아줌마(?)팬분들..ㅋㅋㅋ
플랫카드 준비하고 장난아닌였었는데.. 아숩겠네요. 이구~
솔직히 나도 보고 싶었는데..흠~






'뜨거운 피 (Hot Blooded)'

감독 : 천명관
출연 : 정우, 김갑수, 지승현, 최무성, 이홍내, 윤지혜

- 부산 변두리 작은 포구 '구암'의 절대적 주인인 '손영감'의 수족으로 일하고 있는 '희수'.. 
큰돈 한번 만져보지 못해 회의를 느끼고 있을 무렵, 친구이자 '영도파' 에이스이자 '철진'이 접근하면서, '희수'를 흔들기 시작합니다. 
영화는 부산의 '구암'을 두고 펼쳐지는 건달들의 물고물리는 전쟁을 그리면서, 그 중심에 있는 '희수'의 이야기를 그렸습니다.
건달로써 크게 하고 싶어하는.. 그렇게 하기 위해서 누군가를 희생시켜야 하고 배신을 해야하는 건달세계의 섭리를 겪고 느끼며
'희수' 자신이 꿈궈왔던것과 차이를 느끼며 고뇌하고 갈등하며 흔들리는 '희수'의 감정으로 진행되면서 긴장감을 줍니다.
'정우'의 감성연기가 좋았고 건달세게를 잘 보여주며, 건달을 떠나 사람으로써 느끼는 감성을 잘 보여주며 긴장감속 재미를 주었습니다.




송씨네 - 최신영화정보, 시사회, 무대인사 동영상 가득  
[송씨네] '뜨거운 피 (Hot Blooded)' 무대인사 동영상
송씨네 영화 박스오피스 | 밴드
최신영화정보와 무대인사와 시사회 동영상을 공유하고 함께 영화보러가요
band.us"
뜨거운 피 (Hot Blooded),"뜨거운 피
감독 천명관 출연 정우, 김갑수, 최무성, 지승현, 이홍내 개봉 2022.03.23. 대한민국
리뷰보기

  영화가 개봉하기 전부터 관심 있게 포스터를 보았다. 영화나 책이 내가 전혀 살아보지 않았던 삶을 간접 체험하게 한다는 면에서 한편 좋기도 하다. 이 영화 역시 그런 소재인 셈이다. 영화 속에서만 보아 온 건달들의 세계가 이 영화에서도 그려진다. 혼자 먼저 봤다가 남편이랑 다시 한 번 보았다. 15세라고 되어 있는데 잔인한 장면들이 많아서 청소년은 안 보았으면 한다.
    “뭐하노.” 부산의 사투리가 영화 내내 나온다. 고향이 아래쪽이라 그런지 배우들의 사투리가 진짜인지 흉내인지 알 수 있다는 게 영화의 몰입도를 좌우하기도 하는데 그런 면에서 몰입도 최고였다. 나중에 찾아보니 희수 역의 정우는 부산이 고향이었고, 용강 역 최무성, 친구 철진으로 나온 지승현님, 아미로 나온 이홍내 배우 모두 경상도 출신이었다. 이들의 진한 사투리는 영화의 재미를 더한다. 원작에는 어떻게 표현되어 있을지 궁금해 영화를 보고 나오면서 바로 주문했다.
    사실 얼마 전 유튜브로 원작 저자 김언수님을 만났다. 그분 역시 경상도 사투리를 사용하셨다. 지금 그의 저서 ‘설계자들’이 세계 곳곳에 팔리고 있다고 했다. 얼마 전 그 책을 재미있게 읽었기 때문에 이 책의 원작자가 그 작가님이라는 걸 알고 너무 반가웠다. 게다가 개인적으로 센세이셔널하게 느꼈던 ‘고래’ 천명관 작가가 감독이라니. 그래서 영화 제작사가 고래 픽쳐스였나 보다. 영화 내내 재미있었지만 보고 나오면서 더 놀랐다.
    사실 영화 속 여러 장면들이 잔인하다. 그럼에도 좋았던 이유는 죽거나 승자가 되는 이분법적인 건달의 세계에서 살아남기 위한 몸부림이 너무 리얼하게 그려졌기 때문이다. 친구와의 우정은 대의명분 아래 그 무게가 달리 해석되고, 삶의 이유마저 잊어버린 후에는 모든 것이 무의미해진다. 소설을 바탕으로 한 것이라 그런지 스토리가 탄탄하고, 멋진 대사가 많다. 배우들의 연기가 정말 대단했는데 이 영화를 통해 최무성님을 다시 보게 되어 그가 나온 영화들을 찾아보는 중이다. 누와르를 좋아하시는 분이라면 재미있게 보실 것 같으나 어린 친구들이나 잔인한 것 싫어하는 분들에게는 권하지 않고 싶다.
 


 "
뜨거운 피 (Hot Blooded),"“내가 아는 어떤 분이 그럽디다.
이 세상은 멋있는 놈이 이기는 게 아니고
시발놈이 이기는 거라고“ -희수

- “욕망과 탐욕, 인간 군상의 절정을 보여주는 작품”
- “한 편의 문학 작품을 보는 것 같았다”
- 장항준 감독의 강력 추천 멘트 담긴 포스터&영상 공개!
  개봉일 전체 박스오피스 1위에 등극하며 극장가를 뜨겁게 달구고 있는 <뜨거운 피>가 장항준 감독의 추천 포스터와 영상을 공개했다.
1993년, 더 나쁜 놈만이 살아남는 곳 부산 변두리 포구 ‘구암’의 실세 ‘희수’와 그곳에서 살아남기 위한 밑바닥 건달들의 치열한 생존 싸움을 그린 영화 <뜨거운 피>가 장항준 감독의 추천 멘트가 담긴 포스터와 영상을 공개했다. 과거 한 영화사에서 천명관 감독과 함께 영화감독의 꿈을 키운 인연이 있는 장항준 감독은 지난 3/22(화) 개최된 메가토크에 직접 모더레이터로 참여한 것에 이어 추천 포스터와 영상까지 전하며 천명관 감독과 <뜨거운 피>를 향한 전폭적인 지원을 아끼지 않고 있는 것.
▲ <뜨거운 피> 포스터 [사진 제공: 영화인]

공개된 추천 포스터에는 구암의 실세이자 만리장 호텔의 지배인 ‘희수’가 깊은 고민에 빠진듯 한 손에 총을 든 채 어딘가를 멍하니 바라보는 모습이 담겨 묵직한 분위기를 풍기는 한편, 그런 ‘희수’의 모습 뒤로 장항준 감독이 남긴 추천사가 더해져 눈길을 끈다. 장항준 감독은 “90년대 밑바닥 인생들의 욕망과 탐욕이 어우러져 인간 군상의 절정을 보여주는 <뜨거운 피>”라는 말로 작품을 설명하며 칭찬을 아끼지 않은 것은 물론 곧이어 “뜨거운 가슴으로 강추합니다!”라는 추천사를 덧붙이며 영화를 감상하며 느낀 진한 감동을 예비 관객들에게 전했다.



▲ 장항준 감독 추천 인터뷰
 함께 공개된 추천 영상에서 장항준 감독은 <뜨거운 피>를 “사람 냄새가 물씬 풍기는 가슴속에서 무언가 뜨거운 게 올라오는 것 같은 작품”이라고 설명한 것에 이어 “밑바닥 사람들의 욕망과 탐욕 그리고 그곳에서 벌어지는 갈등이 너무나 잘 어우러져 한 편의 문학 작품을 보는 것 같았다”는 평을 남겼다. 이처럼 <뜨거운 피>가 선보이는 밑바닥 인생들의 치열한 생존 싸움을 다룬 스토리에 깊은 공감을 전하는 것은 물론 “진한 감동과 쾌감을 느꼈다”며 감상을 건네 지난 23일(수) 개봉 이후 극장가를 뜨겁게 달구고 있는 이번 작품에 대한 기대감을 더욱 고조시킨다.

장항준 감독의 추천 포스터와 영상을 함께 공개한 영화 <뜨거운 피>는 전국 극장에서 절찬 상영 중이다.
  #뜨거운피 #정우 #배우정우
https://youtu.be/C4iJUJ5ffPg
동영상
[뜨거운 피] 2차 예고편
나쁜 놈 of 나쁜 놈만이 살아남는다����밑바닥 인생들의 역대급 생존싸움!#뜨거운피 2차 예고편 대공개 ��#정우 #배우정우 #김갑수 #최무성 ...
youtu.be


시놉시스
  부산 변두리 작은 포구 '구암'의 절대적인 주인 '손영감’(김갑수),
그의 밑에서 수년간 수족으로 일해온 '희수'(정우)는
무엇 하나 이뤄낸 것 없이, 큰돈 한번 만져보지 못한 채 반복되는 건달 짓이 지긋지긋하다.
  1993년, 범죄와의 전쟁 이후 새로운 구역을 집어삼키기 위해 물색중인 영도파 건달들은
아무도 관심 갖지 않는 ‘구암’에 눈독을 들이고,
영도파 에이스이자 ‘희수’의 오랜 친구 '철진'(지승현)이 '희수'에게 은밀히 접근한다.
  새로운 삶을 시작하려는 ‘희수’는 갈등하고,
조용하던 ‘구암’을 차지하려는 밑바닥 건달들의 치열한 생존 싸움이 시작되는데...
  더 이상 물러날 곳도 도망칠 곳도 없다.
누구든 망설이는 놈이 진다!
   
 "
뜨거운 피 (Hot Blooded),"자신을 증오하면서도
다른 사람을 부러워하지 않는 사람은?
두 가지 길 중 하나에 닿게 된다.
밑바닥으로 쳐 박히는 거나, 
왕이 되는 것이다.  



영화 <뜨거운 피>에서 나온 대사다. 
유튜브를 보다가 멈춤을 누르고, 이면지에 이 대사를 급히 적었다.

이런 문장을 생각해내는 영화감독들도 보통의 내공은 아니다. 

뜨거운 피
감독
천명관
출연
정우, 김갑수
개봉
2022.03.23. 대한민국
리뷰보기"
뜨거운 피 (Hot Blooded),"뜨거운 피
감독
천명관
출연
정우, 김갑수
개봉
2022.03.23. 대한민국
리뷰보기
개인적으로 굉장히 좋아하는 작가 천명관의 감독작품이라 기대를 했다.
배우진도 탄탄하고 기본빵은 하는 조폭영화니까.

스포일러 다 까발림






























어찌 20년 전 영화 친구에서 한치도 발전이 없냐...발전은 커녕 퇴보다.
요즘 세상에 시대착오적인 영화라는 생각이 팍 든다.
오죽하면 네이버 평점 알바들이 재밌다는 말은 안쓰고 연기좋다는 말만 할까...

연기는 연기인데 사투리에 사람 이름도 잘 안들리고 뭐라 하는지 놓치는 부분이 많다.
진짜 자막이 간절할 정도. 

존재감높은 배우들의 각각의 캐릭터들은 개성넘치고 좋았지만 그 캐릭터들을 가지고
벌이는 판이 영 허술하고 중구난방이다.
하나 인상깊은 거라면 바람에서 청춘을 즐기던 인간들이 부산 조폭으로 성장했다는 것.
바람에 출연했던 배우들은 희한하게 같이 다니는 느낌이다. 특히 정우 지승현.

솔직히 시간 아까울 정도의 영화다."
뜨거운 피 (Hot Blooded),"지금까지 나온 사실적인 한국 건달 영화 중에 또 한편이 끼워져도 될만한 작품이라 평하고 싶다.

비정한 그들에 세상이라고 보이지만 사실은 우리 주변도 특히 정치판에서는 매일 벌어지는 일이다.

대부분 감독들은 이런 영화를 만들며 간접적으로 현 사회의 실태를 비꼬며 만들지 않았을까

그다지 화려하지도 않고 그렇다고 유별나게 잔인한 장면도 나오질 않는다는 게 너무 사실적이라는 것이다.

대부분의 건달 영화들이 과장되고 미화되는 부분들이 많지만 이 영화는 아주 사실적인 연출에 집중했다고 본다.

하지만 여러 가지 문제들을 늘어놓고 적당히 얼버무리는 식의 처리는 아쉬운 부분이기도 하지만 잘 만든 영화다.

Hot Blooded 2020

뜨거운 피
감독
천명관
출연
정우, 김갑수
개봉
2022.03.23. 대한민국
리뷰보기








 "
뜨거운 피 (Hot Blooded),"뜨거운 피
감독
천명관
출연
정우, 김갑수
개봉
2022.03.23. 대한민국
리뷰보기

동명의 소설을 원작으로 한 영화.
특유의 문장력으로 여러 소설을 써낸 천명관 작가의 감독 데뷔작이기도 하다.
부산에 실제 존재하지 않는, 가상의 공간인 구암을 배경으로 지역 건달들의 싸움을 다룬다.

구암은 작은 백사장과 호텔 하나, 부두로 이뤄진 부산의 작은 동네다. 
주인공은 이 곳 구암을 지배하는 손영감의 오른팔 역할을 하는 희수라는 건달이다.

구암의 건달들은 양복을 입지 않는다는 감독의 말이 그다지 인상적이지 않았다.
감독의 의도는 직업으로, 생활로 건달의 역할을 하는 사람들을 다루겠다는 것으로 보이지만 동네 시장 상인들의 민원을 해결해주던 건달도 조직간 다툼이 생겼을 때는 살인을 저지를 정도로 잔혹하다. 
그러니 양복을 입은 건달이든, 그렇지 않든 그게 무슨 차이로 느껴질지 모르겠다.

강한 놈이 살아남는 게 아니라, 씨발놈이 살아남는다는 주인공의 마지막 대사만 강렬하게 기억에 남았다.
소설과 달리 많은 게 삭제돼 있어 아쉬운 점이 있었다.
희수와 인숙의 사연이 거의 제거돼 있는 점도 둘의 관계를 이해하는데 방해물로 작용한다.

부산을 배경으로 하는 건달영화에 관심이 있는 사람들만 보는 게 좋을, 딱 그정도의 영화다."
뜨거운 피 (Hot Blooded),"세상은 멋있는 놈이 이기는 것이 아니라 씨발놈이 이기는 거랍디다.

 도입부가 영 어색했습니다. 그런데 알고 보니, 수미쌍관 구조를 구축하기 위한 일종의 빌드업(?)이었더군요. 식상하기 쉬운 구조인데, 이 작품은 그럭저럭 괜찮았습니다. 역시 감독이 소설가다웠달까? / 그나저나 개인적으로 좀 그래요. 한국 건달에게 총이 쥐어지다니, 총이 등장하는 깡패 영화는 결국 좆망한다고 봅니다. 최애 영화 중 하나인 이병헌의 《달콤한 인생》도 총질 해대서 처음엔 무척이나 싫었더랬습니다. 총기 규제의 나라에서 총은 좀 뺍시다. / 정우와 지승현이 나와서 사투리를 막 씨불여대니까 사실 《바람》이 계속 떠올랐습니다. 그리고 배경(시대)이 배경(지역)인지라 윤종빈 감독의 《범죄와의 전쟁》이 떠오르기도 했습니다. / 개봉 전부터 유튜브 쪽에도 홍보비 빡세게 쏟은 것 같고, 요즘 같은 시국에 상영관 많이 잡은 것도 그렇고, 뭔가 좀 궁금하긴 했습니다. 그런데, 어라? 기대 이상이대요? 부산 배경의 건달 영화라, 곽경택 묻은 아류작이 아닐까 싶었는데, 기우였습니다. / 극장에서 돈 내고 봤더라면 이런 호평은 어려웠겠습니다마는, 집에서 1만원 정도 투자하여 감상하기엔 괜찮다 싶습니다. 코로나 시국이었던 점도 문제였겠습니다만, 사실 요새 극장의 영화 푯값이 너무 비쌉니다. 이 푯값 또한 흥행 참패(?)에 한몫 거들었다고 봅니다. 킹시국에 37만이면 흥행 성공이라 봐야 하려나? / 아! 그리고 이런 네이티브(?) 작품엔 배경 지역의 사투리에 좀 더 특화된 배우를 캐스팅했어야 했다고 봅니다. 그 덕분에 김갑수·윤제문은 워스트, 정우·지승현·이홍내의 연기는 베스트였습니다. 사투리 안 되는 배우들은 그냥 서울말 쓰게 하든가. / 작가 출신인 천 감독의 꿈이 영화 감독이었다지요? 멋들어지게 꿈을 펼쳐냈다 생각합니다. 그의 다음 작품도 기대해 볼 만합니다. 


별점 : ★★★"
레벤느망 (Happening),"레벤느망
감독
오드리 디완
출연
아나마리아 바토로메이
개봉
2022.03.10. 프랑스
평점
리뷰보기



  오드리 디완 감독이 연출한 <레벤느망>은 예기치 못한 임신을 하게 된 한 대학생을 다루고 있는 작품입니다.
  1960년대 초반, 대학생 안(아나마리아 바토로메이)는 작가를 꿈꾸며 대학 기숙사에서 생활하고 있습니다. 그런데 생리가 멈추고 이상 징후를 느낀 안은 산부인과에서 임신 사실을 확인하게 됩니다. 앞으로 꿈에 대한 확신이 분명했던 안은 중절 수술을 위해 몇 명의 산부인과를 방문하지만 모두 거절당합니다. 당시에 중절 수술은 큰 범죄이고 산모와 의사 모두 처벌을 받게 되어있었습니다.
  꿈도 꿈이지만 홀로 아이를 키울 자신이 없었던 안은 친구들에게 사실을 털어놓고 도움을 받기 원합니다. 그러나 절친이었던 친구들은 등을 돌리고 탐탁지 않게 생각했던 남자에게 불법 시술을 하는 곳을 안내 받습니다. 10주차에 접어든 안은 더 이상 지체할 시간이 없습니다.
  가장 먼저 크리스티안 문쥬 감독의 <4개월 3주... 그리고 2일>이 떠오르는 작품입니다. 그 작품은 87년 루마니아를 배경으로 한 작품이었고 정치적인 색깔이 들어간 작품이라면 <레벤느망>은 개인과 당시 사회상에 좀 더 집중하고 있는 작품입니다. 프랑스의 작가, 아니 에르노의 자전적인 이야기를 다룬 수필 <사건>을 원작으로 하는 이 작품은 60년대 초반 20대 여성으로서의 삶을 고스란히 보여주고 있습니다. 비슷한 이야기를 다루고 있는 작품은 많았지만 이 작품처럼 중절에 대한 묘사가 강하게 들어간 작품은 없었을 것 같습니다. 특히나 안이 중절 수술이후 홀로 고통 받는 모습에서 마차 스크린을 계속 주시할 수 없을 정도로 아픔이 느껴졌습니다.
  이 작품의 주인공인 안 역할을 맡은 아나마리아 바토로메이가 영화 전체를 이끌고 나가는 작품입니다. 영화를 다 보고 난 사실이었는데 얼마 전에 제작 10년 만에 개봉한 <비올레타>에서 비올레타 역을 맡았던 꼬마 숙녀가 10년이 지난 후 이 역할을 맡았던 것이 놀랍더라고요. 아무튼 이 어려운 캐릭터를 온전히 자신의 것으로 체화한 그녀는 각종 시상식을 많은 상을 받았습니다.
  현재 나라마다 중절 수술에 대한 법이 어떻게 다른지 모르겠지만 60년 전 당시의 사회상을 생각만하더라도 여성의 삶이 얼마나 힘들었을지 상상도 안 갈 정도입니다. 이러한 문제의식을 계속해서 갖고 고민한다면 해결책이 조금씩 나타날 것이라고 생각하고 희망해봅니다."
레벤느망 (Happening),"레벤느망
감독
오드리 디완
출연
아나마리아 바토로메이
개봉
2022.03.10. 프랑스
평점
리뷰보기
2021년 78회 베니스 영화제 황금사자상 수상작.
우연한 임신 그리고 중절까지를 다룬 영화다.
무엇을 이야기하려 한 것인지 잘 모르겠다.
낙태가 불법이었던 프랑스.
제법 법은 잘 지켜지고 있었다.
곡절 끝에 찾은 불법 낙태시술소
두번에 걸친 시술.
일상으로 돌아온 안.

프랑스 영화는 아직도 어려운가?
내가 그 문화에 문외한인가?
떨떠름한 영화다."
레벤느망 (Happening)," 말 그대로 ‘사건’이다. 교수가 앞으로 교수 해 볼 생각 없냐며 눈독 들이는 앞길이 창창한 23살 여대생이 임신을 했으니 말이다.

임신 3주차가 된 안(아나마리아 바르틀로메이 분)은 생리를 안 하자 그제야 병원을 찾는다.

의사는 그녀에게 남자친구가 있는지 묻는다. 안은 없다고 답한다. 그러면 혹시 섹스는 언제 했는지 묻자 한 적이 없다고 답한다.

문제는 무슨 성모 마리아도 아니고, 처녀가 아무 일도 없었는데 잉태를 했다는 점이다. 이에 안은 의사에게 어떻게든 해 달라고 말한다.

아직 임신중절이 허용되기 전인 1964년을 배경으로 한 까닭에, 의사는 단번에 낙태수술을 거절한다.

기숙사로 돌아온 안은 홀몸이 아니기에 식욕을 억누르지 못해 공용 냉장고에 있는 다른 사생의 음식을 몰래 훔쳐 먹는다.

단지 식욕만 왕성해진 게 문제가 아니라, 아직 학생인데 처녀가 임신한 게 알려지면 학교를 다니지 못할 게 뻔하다.

이에 그녀는 임신 4주차에 다른 병원에 가서 계속 공부하고 싶다며 낙태를 도와달라고 요구한다.

단번에 거절하던 의사는 그녀가 난동을 부리겠다고 하자 마지못해 뭔가를 처방해 준다. 20프랑이 없다는 말에 의사는 됐으니 그냥 가라며 얼른 그녀를 내보낸다.

기숙사에 돌아온 그녀는 의사가 처방해 준 약을 몰래 주사한다. 하지만 점점 불러오는 배와 왕성한 식욕은 해결되지 않는다.

결국 그녀는 혼자서라도 해결해 볼 생각으로 친구인 장(케이시 모테 클라인 분)에게 임신 경험이 있는 여자를 소개해 달라고 말한다.

안의 상황을 듣고 기겁하던 장은 안에게 애 아빠가 누군지부터 묻는다. 이에 안은 우연히 서점에서 만난, 보르도에 사는 정치학도인데 역 근처 모텔에서 딱 한 번 관계를 가진 게 전부라고 털어놓는다.

이 말을 들은 장은 어차피 임신했으니 (또 임신할 것도 아니니) 상관없지 않냐며 안에게 들이댄다.

뿐만 아니라, 절친 3인방 중 한 명인 브리지트(루이즈 오리 디케로 분)는 평소 성에 개방적인 줄 알았는데 뒤늦게 안의 상황을 듣고는 감옥에 갈 일 있냐며 그녀를 외면한다.

결국 그녀는 민간요법으로 스스로 아이를 지우려고 애쓰지만, 의사가 처방해 준 약이 아이를 강하게 만드는 약이어서 그랬는지 유산에 실패한다.

어쩔 수 없이 그녀는 9주차에 아이 아빠인 막심(줄리앙 프리슨 분)을 찾아가고, 임신 10주차 어느 날 밤 막심과 함께 그녀를 찾아온 여자로부터 수술해 줄 의사를 소개받는다.

선불로 400프랑이라는 거금이 필요한 그녀는 가지고 있는 물건을 팔아 비용을 마련하고, 드디어 임신 12주차에 불법 낙태수술을 받는다.

하지만, 24시간 내에 태아가 나올 거라던 말과 달리 나오지 않는다. 결국 그녀는 모든 위험을 감수하고 재시도를 한다. 그리고 드디어 사산한다.

영화 <레벤느망>은 아니 에르노의 자전적 소설 <사건>을 원작으로 한 작품이다.

<사건>은 아니 에르노가 3개월 동안 겪었던 일을 고스란히 담고 있다. 특히 임신중절이 허용되기 이전이라 여성들이 행하던 갖가지 민간요법이 그대로 묘사돼 이 작품에 사실감을 높여준다.

실제 영화에서도 매우 적나라하게 아이를 지우기 위한 안의 행위를 보여준다. 물론 선정적으로 묘사하지 않기 위해 카메라 앵글을 잘 조절해 대놓고 보여주진 않지만, 저런 방법까지 쓰다니 하는 생각만으로도 관객들 특히 여성 관객들에게는 공포감을 느끼게 한다.

또 도와달라는 그녀에게 여자들은 행여 자기에게 해가 될까 봐 거절하고, 남자들은 이미 임신해서 임신 걱정 없으니 한 번 질펀하게 놀아볼까 하는 생각을 드러내는 모습 역시 공포로 다가온다.

특히 정사각형에 가까운 1.37:1 화면비율은 안에게 집중하게 해 관객들이 그녀와 동화되게 만든다.

지금도 여대생이 혼전 임신을 하면 색안경을 끼고 보는데, 무려 60년 전엔 어땠을지 생각하면 안이 왜 그토록 아이를 지우려고 했는지 공감이 된다.

비록 지금은 우리나라에서 낙태죄가 폐지됐으나, 많은 시사점을 지닌 영화 <레벤느망>은 오는 10일 개봉한다.

/마이스타 이경헌 기자

기사 원문보기 http://www.mystar.ne.kr/archives/9982
[마이스타] 앞날을 위해 낙태를 결심한 여대생
말 그대로 ‘사건’이다. 교수가 앞으로 교수 해 볼 생각 없냐며 눈독 들이는 앞길이 창창한 23살 여대생이 임신을 했으니 말이다. 임신 3주차가 ...
www.mystar.ne.kr
레벤느망
감독
오드리 디완
출연
아나마리아 바토로메이
개봉
2022.03.10. 프랑스
리뷰보기
 "
레벤느망 (Happening),"레벤느망
감독
오드리 디완
출연
아나마리아 바토로메이
개봉
2022.03.10. 프랑스
리뷰보기

'철의 심장을 가진 남자'와 '프렌치 커넥션: 마약수사'의 각본을 쓴 오드리 디완의 감독 데뷔작이다. 첫 작품부터 각종 영화제 후보에 오르고 베니스 영화제 황금사자상을 받았으니 실로 엄청난 사건으로 볼 수 있다. 그걸 예견했을까. 그래서 제목도 갑작스런 사건과 같은 의미의 뜻으로 지었다. 하지만 이 영화는 아니 에르노 작가의 동명 에세이를 영화화 한 것이다. 작가의 자전적인 경험을 담았고 시대적 배경은 1963년 프랑스다. 사실 이것이 많은 의미를 준다. 스포라고 할 것도 없이 영화의 스토리 시작이 곧 작가를 꿈꾸는 능력있는 여대생의 갑작스런 임신사건이니까.

그래선지 영화는 사실주의를 택했다. 그 지점에서 호불호가 갈릴 수 있는데 주인공의 바로 앞과 뒤를 쫓아다니고 주변부가 가끔 아웃포커싱 될 정도로 밀착한 연출을 택한 것과 유사한 맥락이다. 실제의 감정과 리얼리즘을 더 중점에 둔 것이다. 그것도 일반적인 여대생의 이야기가 아닌 갑작스레 임신한 여대생의 이야기로 말이다. 에세이를 바탕으로 했을 영화는 그 지점을 아주 자세히 묘사하며 심리적으로 파고든다.

하지만 이 영화가 가장 흥미로운 지점은 연출의 그 지점이 아닌 바로 시대적 배경과 사실에 있다. 어쨌든 68혁명으로 연결될 수 밖에 없는 시대이기도 하고, 낙태가 불법이어서 감옥까지도 갈 수 있는 그러면서도 개방된 성문화의 프랑스 시대를 한가운데 놨기 때문이다. 대문호의 작품들이 오고가는 문학 수업 시간이 배경인 것도 같은 맥락으로 의도적으로 보인다. 그런데 이는 고발 영화나 호소 영화가 아니다. 그래서 흥미로운 지점이 된다.

영화는 원치 않는 임신과 낙태하려는 그 과정과 심리에 주목하지만 동시에 아이러니에도 주목하고 있다. 관계의 욕구는 생략되지 않았다. 심지어 보여주기도 하고, 몰래 숨기면서 반대의 이미지(성녀)를 잠시 가져가기도 한다. 솔직한 자기 수기이자 에세이라는 것을 고려하면 그런 양면적인 모습을 모두 담으려 했던 것 같다. 그래서 정답이나 윤리, 메세지를 강조하지는 않는다. 과정을 담담히 그리고 리얼하게 보여줄 뿐이다. 정말 필요한 장면은 직접 보여주면서까지 말이다. 시각적 충격도 의도적으로 완전히 배제하진 않은 것이다.

고로 '레벤느망'은 여성으로서의 위치와 작가의 위치, 사람으로서의 위치와 생명과 윤리, 욕망 등 여러가지 측면에서 입체적으로 그 과정을 다시 돌아보려 한 영화에 가깝다. 물론 관객에 따라서 고발이나 특정 이슈만으로 보일수도 있다. 그 지점도 작가의 노림수이자 입장이니까. 특별한 소리없이 일상의 소리를 통해 강약조절을 하면서 효과적으로 장면을 연출하듯 일종의 리트머스처럼 작동시킨 것이다. 하지만 정작 말하는 것은 평안에 이르렀는가에 가깝다. 그래서 고백적 에세이로 수십년 후 토해낸 것이다. 사건이 있었고, 고통스러웠으며 지나갔다. 하지만 그것은 무엇이었을까. 


**가끔 현대 인류는 너무 진화해 버렸다는 생각이 든다. 동물들처럼 적게 살거나 생존 본능만을 가지고 있지 않다.
***20여년 가까이 자식을 키우고, 공부를 한다는 것도 비동물적이다. 
****여기에서 자연적으로 설계된 몸과 많이 부딪치고 갈등하게 된다.
*****자연적으로는 생존하면서 대를 잇거나 멸종하지 않으면서 그저 죽으면 그만인 것이다.
******하지만 인류만이 의미를 찾고 생존을 더 이어내려 하며 안 죽으려고 야단이다.
*******생존 욕구를 유희로 쓰는 것도 인류쪽에 가깝다. 일부 동물들도 유희가 발견되고는 있다.
********어쩌면 지능은 그래서 저주받은 결과물일지도 모른다.
*********알면 알수록 삶은 고통스럽고 실망스러우며, 진리와 사실조차도 허탈하다.
**********그래서 자꾸 헛된 꿈을 꾸며 유토피아만 찾는다.
***********루아나 바야미는 어디서 봤다 했더니 '타오르는 여인의 초상'의 그 하녀 같다.
************잠시 등장해도 사로잡는 상드린 보네르의 카리스마.
*************아나마리아 바토로메이의 불안한 눈빛 연기가 장난없다.
**************마지막일지도 모르는 유희와 안도감, 억지로 통제했던 욕망의 분화.
***************알면 알수록 탄생과 죽음은 우연에 가깝다. 인간의 의지로 통제하려면 더 엄청난 고통이 뒤따른다.
****************그럴수록 삶은 더 외롭고 고독해지는 것 같다. 그 삶에 의미라도 없으면...
*****************아무리 그래도 결정적인 순간에는 개인이 될 수 밖에 없고 오롯이 고독한 고통의 한복판일 수밖에 없다.
******************꼭 그 상황이 아니라 누구에게나 닥치는 그 순간 말이다.
*******************대사들의 중요한 부분도 필요한만큼만 딱 쓰였다.
********************그만큼 생각보다 절제들이 돋보인다.
*********************옛날식 전화거는 방법을 배우게 되는 장면일수도 있다.
**********************포기해야 되는 것들이 살아갈수록 늘어만 간다.
***********************다 가지려 하고, 하나라도 더 챙기려 할수록 불안과 불만, 불평등만 늘어간다.
************************세상은 이미 기울어져 있다. 지구도 약 23도쯤.
*************************그러니까 억울함을 찾을 것이 아니라 의미와 장점을 찾아내야 한다. 단점은 평생 안고 갈 수 밖에 없으니.
**************************레벤느망은 한 번만 일어나는 것이 아니다. 크고 작게 수십, 수백번 일어나면서 사람을 뒤흔든다.
***************************그 때의 선택과 결과물들이 각자의 인생으로 퇴적된다.
****************************그리고 성격이 된다. MBTI가 아니라.
*****************************그렇지만 또 닥치면 또 달라질 수 있다. 매번 같은 선택만 하지는 않으니까.
******************************양수 속의 아기와 물 속의 자신.
*******************************거의 평생 육지에서 살면서 태어날 때는 물 속에서 태어난 인류.(물에서 진화한 증거라고)
********************************그래서 우리의 눈도 완전히 믿을 수 없다. 눈이 세상을 보기 위해 물이 필요한 것처럼. 왜곡은 필수다.




 "
레벤느망 (Happening),"#레벤느망 #레벤느망_시사회리뷰
#영화특별시SMC
#아니에르노
#오드리디완
#아나마리아바토로메이
여성으로 산다는 건
레벤느망은 1960년대를 배경으로 낙태를 시도하는 여학생의 이야기 이다. 
예상치 못한 임신은 그녀에게 축복이 아니라 절망으로 다가온다. 지금은 지난 과거와 별로 달라지지 않았다. 헌법재판소는 2019년 4월 11일 낙태를 처벌하도록 한 형법 규정이 여성의 자기결정권을 과도하게 침해해 헌법에 어긋난다고 결정, 1953년 낙태죄가 형법에 규정된 지 66년 만에 헌법불합치 결정을 내렸다. 그러나 낙태죄에 대한 형법 개정안은 이루어지지 않고 있다.
사회에서 미혼모, 미혼부에 대한 따가운 시선은 여전하고, 아이를 홀로 키울 수 있는 사회 보장제도는 제대로 갖추어지지 않았다. 낙태가 쉬운가. 출산하는 것보다 더 힘든 고통이 바로 낙태일 것이다. 낙태를 하는 여성들의 마음은 얼마나 아플까.
아무도 그들을 도와주지 않는다. 태어나자마자 버려지는 아이들..그 책임을 여성들에게만 지울 수 있을까.
대학생 '안' 이 마주치는 사회가 미혼모와 아이를 보호해주고 감싸안아주며, 사랑해주는 사회였다면 결과는 달랐을 것이다. 나는 그녀의 선택을 존중한다. 내가 그녀라면, 나는 어떤 선택을 할 수 있을까.
여성으로 산다는 건. 과거보다 더 좋은 사회에서 그들을 안아줄 수 있는 문화와 제도가 필요하다.
<레벤느망> 은 현대 프랑스 문학의 거장 '아니 에르노'의 솔직하고 용기 있는 고백록 '사건'을 영화화한 작품 드라마한 영화이다. 아니 에르노는 원작 '사건'을 통해 임신중절이 불법이던 시대에 몸소 체험한 임신 중절의 경험을 낱낱이 고백한 내용을 담았고 작가 본인이 끝끝내 이야기하기 고통스러웠다고 털어놓았을 만큼 쉽게 꺼내기 힘든 주제를 솔직하게 다루었다.
대학생 '안' 역의 아나마리아 바토로메이 배우 연기가 뛰어나다. 원하지 않는 임신으로 고통하면서 낙태를 시도하는 장면을 과감하게 보여준다. 신체적 변화를 노출하면서까지 표현하며, '안' 의 심리적 감정을 제대로 표현하였다. 급격한 육체적 변화와 정신적인 고통을 겪는 동시에 시대의 금기에 맞서야만 하는 상황에 처하며 고군분투하는 캐릭터를 절제된 연기 속에서도 강렬하고 폭발적인 에너지로 표현한다.
제78회 베니스국제영화제에서 심사위원들의 만장일치로 황금사자상을 수상하였다. 프랑스의 오드리 디완 감독은 황금사자상을 수상한 6번째 여성감독으로 기록되었다.
- 내용 - 네이버 출처
작가를 꿈꾸는 대학생 '안'은 예기치 못한 임신 사실을 알게 된다. 낳으면 미혼모가 되고, 낳지 않으면 감옥에 가야 하는 현실. 의지와 상관없이 흘러가는 시간 속에서 '안'은 어떤 대가를 치러서라도 끝까지 가기로 결심하는데…"
레벤느망 (Happening),"레벤느망
감독
오드리 디완
출연
아나마리아 바토로메이
개봉
2022.03.10. 프랑스
리뷰보기


[영화] 레벤느망 후기 - 외로운 항명




 


.
.
.



1.

거부할 수도 없는, 생
뻔한 문법의 시험, 명

비겁하게 외우는 사회, 명
용감하게 맞서는 자신, 생



2.

뜻한 바 없는, 명
내 것이 아닌, 생

혹독한 관계, 생
사건과 사고, 명



.
.
.



덧. 抗

혼자 x 같이



.
.
.


영화 #레벤느망 후기 #외로운 #항명 #抗 #혼자 #같이 #生 #命
#거부 #불가 #생 #뻔한 #문법 #시험 #명
#비겁하게 #외우는 #사회 #용감하게 맞서는 #자신
#뜻한바 #없는 #내것 #아닌 #혹독한 #관계 #생명 #사건
movie #Happening #AnamariaVartolomei"
레벤느망 (Happening)," 

<레벤느망> 프랑스, 2022. 개봉

감독 : 오드리 디완
출연 : 아나마리아 바토로메이(안役)

몇줄쓰기 : 1960년대 초, 프랑스가 배경인 영화는 안의 뜻하지 않은 임신과 낙태 과정을 다루고 있다. 영화 후반부부터 본격적으로 시도되는 낙태 관련 장면으로 내 몸이 쪼그라드는 느낌이었다. 출산 경험이 있는 여성이라면 누구나 다리에 까닭모를 힘이 들어가는 불편함이 전해졌을 것이다. 디테일한 부분까지 적나라하게 표현되는 영화가, 감독의 자서전적 에세이를 기반으로 만들어진 작품이란 걸 관람 후에 알고 난 후, 짐작대로라는 생각이 들었다. 남자에게 출산은 자신의 역량 확인활동(?)이라면, 여성에게는 또 다른 많은 것을 포기해야만 얻을 수 있는 대가성 행복이다. 아직은 그 행복을 감당할 수 없는 주인공 안의 클로즈업 된 얼굴이 영화 포스터는 물론, 스크린 내내 펼쳐진다. 내용은 참신할 것이 없으나 젠더 이슈가 사회적 문제로 부상하는 요즘, 안의 그 절박함이 고스란히 다가와 가슴이 저린다.   
내맘대로 평점 ★ : 7.8점/10점   "
레벤느망 (Happening),"보면서 정말 많은 생각이 들었던 영화다. 내용이 너무 좋아서 지나가는 사람 붙잡고 추천하고 싶을 정도로 좋았다.
원작이 있는 영화라는걸 다 끝나고 엔딩크레딧 볼 때 알게됐는데 책 읽어본 사람의 말을 들어보면 책도 감정소모가 심했다고 한다 ㅠㅠ
그래서 처음으로 스포를 담은 후기를 블로그에 남겨야 될 것 같다.

1960년대가 영화의 배경인데 놀랍게도 2022년인 지금의 시선과 달라진게 하나도 없다.
저 때나 지금이나 낙태가 대부분의 국가에서 불법인건 여전하고 임신을 했다고 했을 때의 여성들을 향한 사회적 시선도 똑같다.
임신을 해서 자신의 인생을 포기하고 자퇴를 하는 여성도 나오고 안처럼 인생을 포기하지 않으려면 낙태를 시도한다.
지금이야 의학기술 발전이 장난 아니니 모르겠지만 저 당시, 불법시술을 통해 해야했으니 낙태를 하는 것도 사실상 목숨을 거는 일이나 마찬가지이다.
엘렌의 말대로 여자도 성적 욕구가 있다. 그리고 그 욕구를 해소하고 나면 책임이 생기는건 오로지 여자 뿐이다.
임신에 대한 걱정도 동반되고, 만에하나 임신이 됐다면 그에 따른 불안감과 혼란스러움을 감당하는 것도 오로지 나 자신 뿐이다.
낙태를 결정한 후에도 내가 생명을 죽였다는 죄책감에 시달리는 것도 여자고 사회의 손가락질을 받는것도 여자 뿐이다.
과연 그 임신을 나 혼자서 한 건가? 그건 절대 아닌데 말이다.
내가 이 영화를 보고 공감을 느꼈던건 낙태 사실이 있어서가 아니라 여자들만 걸리는 병에 대한 두려움을 느꼈기 때문이다.
많은 여자들이 이 영화를 보고 공감하고 울지 않았을까? 싶다. 내가 아니어도 내 친구가, 내 주변에서 저런 일을 겪은 사람을 봤을테니깐.
영화는 러닝타임 내내 담담하게 그 모든 현실을 그냥 평화롭게 보여준다. 숨기는 거 없이.
그래서 정신적 충격을 받는다거나 시각적 충격을 받는다는 후기도 많지만 난 전혀 없었다. 이건 그렇게 충격받을 일들이 아니라고 생각한다.
사람들이 이 영화를 많이 봤으면 좋겠다. 그리고 느끼는게 있었으면 좋겠다.


 "
레벤느망 (Happening),"[1]
안(아나마리아 바토로메이)이 두 번째 병원에 찾아갔을 때야 비로소 영화 배경 연도를 알 수 있었다. 1960년대 초반. 프랑스 역시 당시에는 낙태가 불법이었고, 병원에서 ‘낙태’라는 두 글자가 띄워지는 순간 감옥에 가야만 했다. 레벤느망이 무슨 말인가 했는데 번역하면 사건이다. 원작인 아니 에르노의 소설 제목과 일치한다.
  [2]
일전에 본 <아이카>가 생각났다. 물론 상황은 다르지만 뜻하지 않은 임신과 그에 따른 파장의 결은 비슷했다.
  [3]
최근 텍사스주에서 낙태금지법이 통과되었다는 뉴스를 확인했다. 물론 이야기가 된 시기는 작년 말로 설마 했던 일이 벌어진 것이다. 하나의 생명이 관여되어 있다는 점에서 이는 섣불리 판단할 수 없지만, 반대로 생각하면 한 사람의 인생을 망가트릴 수 있는 부분이기도 하다. 이는 사형제도를 둘러싼 논쟁과도 연결 지을 수 있다.
  [4]
아니 에르노의 원작 소설을 읽어 보진 않았지만 감독이 무척이나 잘 풀어낸 모양새다. 자칫 다큐멘터리처럼 연출할 수 있었는데 반대로 감독의 역량이 편집 부분에서 빛났다. 베니스영화제 황금사자상을 받을 만했다고 생각한다.
아나마리아 바토로메이는 처음 보는 배우인데, 그럴 만도 한 것이 99년생 어린 배우다. 올해 개봉한 <비올레타>의 비올레타 역이기도 한데, 아이러니한 건 이 영화는 그녀가 10대 초반에 찍은 작품이라는 것이다. 즉 2011년 영화인데 10년이 지나서야 개봉한 것이다. 사실상 성인 첫 주연작인데 아주 훌륭한 연기를 선보였다. 기대되는 배우다.

레벤느망
감독
오드리 디완
출연
아나마리아 바토로메이
개봉
2022.03.10. 프랑스
평점
리뷰보기

 "
레이징 파이어 (RAGING FIRE),"1월 20일 개봉했었던 영화 '레이징 파이어'입니다.
'견자단'이 나오고, '예고편'도 잼나보여서 궁금하던 작품이였는데요..
사실, '개봉'한줄도 몰랐었던 ㅋㅋㅋ
아무래도 잠시 '극장'에 걸렸다가, 바로 'VOD' 로 넘어온듯 싶은데 말입니다..
오늘 '야간근무'라 밤에 '올레티비'로 볼 '영화'를 검색하다가
'레이징 파이어'가 올라왔길래, 바로 시작을 했습니다...


강력반 반장인 '장충방'은...
친구인 '야오'반장과 함께, 4년동안 쫓고 있었던 '왕쿤'과 그의 '마약조직'을 일망소탕할 '작전'을 앞두고 있습니다.


그러나 지나친 '바른생활'사나이였던 그는...'부잣집'아들의 '폭행사실'을 눈감아주지 못하고
그것으로 '미움'을 사는 바람에, '출동'하지 못하는데요..

'야오'반장만이 '경찰'들을 이끌고...'왕쿤'을 잡으려 가는데..


그곳에 나타난 '검은 가면'의 사나이들..
그들은 '왕쿤'과 부하들을 죽이고, '물건'을 강탈합니다

그리고 출동한 '경찰'들과 '야오'반장도 죽이는데요


뒤늦게 달려온 '장충방'과 동료들..
그들의 눈앞에 펼쳐진 참혹한 '현장'


'장충방'은 친구의 죽음에 분노하고..
'검은가면'의 남자들을 추적하는데요..


그런데 '검은가면'의 남자의 정체는...
'장충방'의 옛 동료였던 '추강아오'와 그의 팀원들..


'추강아오'는 잘나가던 '엘리트 경찰'이였지만..
몇년전 있었던 '납치사건'과 ...'장충방'의 '증언'으로 '감옥'에 가게 되었고...

'추강아오'와 팀원들은...'배신'에 대한 '복수심'만이 가득합니다..
믿었던 '사람'들에 대한...


'장충방'은 자신이 쫓던 넘들이 바로 '추강아오'임을 알게 되고...

두 사람은 '동료'에서..
'경찰'과 '범죄자'로 만나 '대립'하게 됩니다...












 가끔 보면...'영화'속 주인공들이 너무 '바른생활'사나이라 답답할때가 있는데 말입니다.
어느정도 '융통성'을 가지면, '승진'도 하고, '돈'도 벌텐데..
그래서 안타까운 '모습'을 보기도 하는데 말입니다..
물론 '주인공'이니까...싶기는 하지만..

'장충방'은 정말 '바른생활'사나이의 표본인데요
어찌 보면 정말 '답답'할 정도로...
다 '정리'되고 '합의'된거라...'보고서'만 새로 쓰면 간단할텐데..
그는 '타협'을 거부하고...그것 때매 '작전'에 못 나가는데요..

'장충방'의 친구인 '야오'반장 홀로 나갔다가..
'검은가면'의 '남자'들에게 죽는데..
사실 보면서 왠지 죽을거 같긴 했었습니다...분위기상...

'친구'의 죽음에 분노한 '장충방'
그리고 드러나는 '검은가면'의 정체..
'검은가면'은 '장충방의 '증언'으로 감옥에 간 옛 동료인 '추강아오'였습니다..

사실...'추강아오'와 '팀원'들이 한 짓은 아무리 그가 '범죄자'라도
때려죽인것은 잘못한것입니다..
그러나 '실족사'로 처리하려는 그들의 '목적'은..
'장충방'의 '증언'으로 무산되고, '감옥'에 가게 된...

사실 '장충방'의 '증언'도 '증언'이지만..
'경찰'도 구해낸 '사람'도 모두 '외면'하고..
엄청난 배신감에...더 이상 '경찰'이 아니라 '범죄자'가 된 '추강아오'

정말 목숨은 아랫사람들이 걸고..
'공적'은 윗넘들이 다 받고...정말 흔한 그림인데 말입니다..

'추강아오'가 잘못했지만, 그가 '배신감'에 치를 떨만하기도 했었어요
철저한 '윗선'들의 '외면',
사실 이런것 '경찰 아니라도 어디에서나 볼수 있지요...

예전에 '이병헌' 나온 영화 '남산의 부장들' 생각도 납니다.
일 시킬때는...
'임자 하고 싶은데로 해, 임자 뒤에 내가 있잖아'
이래놓고 일 터지면, 바로 버려버리고....

우야동동..'조직'과 '친구'의 배신에..분노한 '추강아오'...
그리고  여전히 자신만의 '신념'으로 무장한 '장충방'과 맞서게 되는 '내용'인데요..

'엽문'이 생각나는 '견자단'의 '연기'
그리고 '사정봉'의 '악역연기'도 정말 좋았는데요..
마지막에 두 사람 대결씬은 대박이였습니다...

그나저나, 올해 60살인데도 여전한 '액션연기'를 보여주는 '견자단'
그리고 '사정봉'은 '영화'로 오랜만에 보는데 ..반갑더라구요.

그리고 '천장지구'시리즈로 유명한 '진목승'감독님의 '유작'이라고 합니다
마지막에...나오더라구요...

요즘 잼난 '중국영화'를 찾기가 힘들었는데..
오랜만에 잼나게 봤었던 '레이징 파이어'였습니다..
'킬링타임용'으로는 최고인거 같아요..

레이징 파이어
감독
진목승
출연
견자단, 사정봉
개봉
2022.01.20. 홍콩, 중국
평점
리뷰보기
 "
레이징 파이어 (RAGING FIRE),"RAGING FIRE, 2021


'영웅본색'이나 '첩혈쌍웅' 같은 영화는 이제 안 나오는 건지 견자단의 현대물 기대를 했는데 그냥 그랬다.

역시 '견자단'은 무협물에 어울리지 현대물은 아닌 것 같은데 나이 탓인가 액션도 옛날 같지 않고 둔탁하다.

억울하던 상관에 지시에 의했던 경찰들이 조직을 만들면 막강 조직으로 만들어진다는 것도 사연은 있는데

모범생 '견자단'의 영화는 너무 모범생이다 보니 짜증이 날 때도 많은데 이 영화에서는 '견'군이 좀 잘못한 듯

과도한 상황이나 지나친 액션 없이 사실적인 상황을 만들려고 감독이 많이 노력하고 연출을 한 것은 보인다.

하지만 기승전결이 불확실하고 너무 스토리가 중구난방으로 흘러가는 게 전체적으로 실망스러운 영화라 생각한다.

그래도 '견자단'이 나오는 영화는 크게 재미는 없어도 항상 크게 실망을 주지 않는 것도 사실이다.


레이징 파이어
감독
진목승
출연
견자단, 사정봉
개봉
홍콩, 중국
리뷰보기"
레이징 파이어 (RAGING FIRE),"영화 [레이징 파이어] 티저 예고편(한글) : 견자단, 사정봉, 하패유, 여량위 : 2022.01 : 액션



그날, 우리는 적이 되었다

강력 범죄 수사대에서 함께 믿고 일하던
베테랑 경찰 ‘장충방’과 그의 후배 ‘추강아오’.

어느 날 같은 임무를 맡은 두 사람은
돌이킬 수 없는 사건으로 인해
한순간에 운명이 뒤바뀌게 되고
동료에서 적이 되어버린다.

서로가 서로의 표적이 된 그들은
피할 수 없는 대결을 시작하게 되는데….

둘 중 하나는 죽어야 끝난다!
2022.01 / RAGING FIRE

감독: 진목승
출연: 견자단, 사정봉 등

*정보
https://movie.naver.com/movie/bi/mi/basic.naver?code=209551


* 영상이 유익하셨다면 '구독'과 '좋아요'를 눌러주세요~ 구독은 큰 힘이 됩니다. ^^




영화 [레이징 파이어] 메인 예고편(한글) : 견자단, 사정봉, 하패유, 여량위 : 2022.01 : 액션




영화 [레이징 파이어] 넥스트 레벨 액션 영상 : 견자단, 사정봉, 하패유, 여량위 : 2022.01.20




















 "
레이징 파이어 (RAGING FIRE),"영화 [레이징 파이어] 티저 예고편(한글) : 견자단, 사정봉, 하패유, 여량위 : 2022.01 : 액션



그날, 우리는 적이 되었다

강력 범죄 수사대에서 함께 믿고 일하던
베테랑 경찰 ‘장충방’과 그의 후배 ‘추강아오’.

어느 날 같은 임무를 맡은 두 사람은
돌이킬 수 없는 사건으로 인해
한순간에 운명이 뒤바뀌게 되고
동료에서 적이 되어버린다.

서로가 서로의 표적이 된 그들은
피할 수 없는 대결을 시작하게 되는데….

둘 중 하나는 죽어야 끝난다!
2022.01 / RAGING FIRE

감독: 진목승
출연: 견자단, 사정봉 등

*정보
https://movie.naver.com/movie/bi/mi/basic.naver?code=209551


* 영상이 유익하셨다면 '구독'과 '좋아요'를 눌러주세요~ 구독은 큰 힘이 됩니다. ^^




영화 [레이징 파이어] 메인 예고편(한글) : 견자단, 사정봉, 하패유, 여량위 : 2022.01 : 액션




영화 [레이징 파이어] 넥스트 레벨 액션 영상 : 견자단, 사정봉, 하패유, 여량위 : 2022.01.20"
레지던트 이블: 라쿤시티 (Resident Evil: Welcome to Raccoon City),"영화 [레지던트 이블: 라쿤시티] 국내 티저 예고편(한글) : 2022.01 : 좀비, 액션



모든 이야기는 이곳에서 시작되었다

거대 제약회사 '엄브렐라'가 철수한 후 폐허가 된 '라쿤시티'.
어릴 적 끔찍한 사건을 겪고 고향을 떠났던 클레어가 돌아온 그날 밤,
라쿤시티는 좀비 바이러스에 감염되어 순식간에 지옥으로 돌변한다.

남은 시간은 7시간, 죽음의 도시를 탈출하라!
2022.01 / RESIDENT EVIL: WELCOME TO RACCOON CITY, 2021

감독: 요하네스 로버츠
출연: 카야 스코델라리오, 로비 아멜, 해너 존 케이먼, 톰 호퍼, 에반 조지아, 도널 로그, 닐 맥도프

* 영화 정보
https://movie.naver.com/movie/bi/mi/basic.naver?code=212886
https://www.imdb.com/title/tt6920084/




영화 [레지던트 이블: 라쿤시티] 국내 메인 예고편(한글) : 2022.01.19 : 좀비, 액션




영화 [레지던트 이블: 라쿤시티] 재앙의 시작 영상(한글) : 2022.01.19 : 좀비, 액션




--------------- 해외 예고편 ----------------------




영화 [레지던트 이블: 웰컴 투 라쿤 시티] 리부트 예고편 : 2021.11.24 : 좀비 액션 : RESIDENT EVIL



1998년을 배경으로 한 이야기는 신비로운 스펜서 저택과 
불운한 라쿤 시티의 비밀을 탐험한다.
2021.11.24 (미국) / RESIDENT EVIL: WELCOME TO RACCOON CITY, 2021

감독: 요하네스 로버츠
출연: 카야 스코델라리오, 로비 아멜, 해너 존 케이먼, 톰 호퍼, 에반 조지아, 도널 로그, 닐 맥도프

* 영화 정보
https://www.imdb.com/title/tt6920084/



영화 [레지던트 이블: 웰컴 투 라쿤 시티] 나이트메어 예고편: 2021.11.24 : 좀비: RESIDENT EVIL






















 "
레지던트 이블: 라쿤시티 (Resident Evil: Welcome to Raccoon City),"레지던트 이블: 라쿤시티
감독
요하네스 로버츠
출연
카야 스코델라리오, 해나 존-케이먼, 로비 아멜, 톰 호퍼, 에반 조지아, 다널 로귀, 닐 맥도프
개봉
2022.01.19. 독일, 캐나다, 미국
평점
리뷰보기
  요하네스 로버츠 감독이 연출한 <레지던트 이블: 라쿤시티>는 비디오게임 '바이오 하자드'를 원작으로 한 <레지던트 이블>시리즈의 리부트 작품입니다.
  거대한 제약회사 '엄블렐러'가 사업을 철수한 라쿤시티. 어릴 때 끔직한 기억을 안고 있는 고향으로 돌아온 클레어(카야 스코델라리오)는 트럭에 치인 여성이 갑자기 사라지고 옆집 모자의 모습이 심상치 않은것에 무언가 잘못되고 있다는 것을 느낍니다. 한편 클레어의 오빠와 오빠가 근무하는 경찰서로 뭔가 감염된 사람들(?)이 모이기 시작하고 이를 알게 된 엄블렐러 소속이었던 연구자는 가족과 함께 이 도시를 떠나려고 합니다.
  너무나 유명한 좀비 소재 시리즈인 <레지던트 이블>가 리부트 되어 라쿤시티라는 부재를 달고 돌아왔네요. 시리즈를 이끌었던 폴 앤더슨 감독과 주인공 밀라 요보비치를 대신해 카야 스콜델라리오가 새로운 캐릭터와 주인공을 맡고 있습니다.
  확실한 건 비주얼적으론 많은 발전을 했다는 것입니다. 물론 기술의 발전이라는 것이 시간과 비례하는 면이 있지만요. 그럼에도 불구하고 발전된 비주얼이 이야기와 잘 녹아있는지는 잘 모르겠습니다. 게임 속 이미지에 가깝게 구현되어 있는 것 같기도 하지만 단순히 잔인함을 강조하는 것은 아닌지 조금 아쉬운 느낌이 들었습니다.
  그럼에도 불구하고 오랫동안 사랑을 받아온 시리즈를 리부트 한다는 부담감이 있었음에도 불구하고 클레어라는 캐릭터를 새롭게 만나는 즐거움과 동시에 비교적 제한된 공간에서 펼쳐지는 액션을 보는 재미는 충분히 있는 작품이었습니다. 과연 다음 작품이 어떻게 연결될지 궁금하네요. 물론 흥행이 되어야 다음 작품이 나올 수 있긴 하지만요."
레지던트 이블: 라쿤시티 (Resident Evil: Welcome to Raccoon City),"싸다구 2천원으로 가볍게 즐기고 아트카드까지 챙겨왔습니다.

레지던트 이블: 라쿤시티
감독
요하네스 로버츠
출연
카야 스코델라리오, 해나 존-케이먼, 로비 아멜, 톰 호퍼, 에반 조지아, 다널 로귀, 닐 맥...
개봉
2022.01.19. 독일, 캐나다, 미국
평점
리뷰보기

다만 영화는.....

요보비치 버젼의 레지던트 이블 시리즈의 시작이 
대중영화로서 얼마나 영리했었는지 새삼 느꼈네요.

이번 영화는 각본과 후반 연출에 있어서 전형적인 2차매체 직행 영화 느낌이었습니다.
익숙한 배우들 등장하고 CG도 듬뿍 얹고 스토리도 뭔가 분위기 잡는데
보고 있으면 너무 얇고 투명해서 아무런 감흥이 없는 그런 영화들이요.

다만 원작 게임의 팬들이라면 좋아할 부분들은 듬뿍입니다.
정작 게임을 해본 적은 없지만 리뷰나 유툽 등으로 간접체험하여 
얻은 지식이 전부인 저도 알아볼 장면이나 요소들이 엄청 많았으니까요.

원작의 충실한 재현.... 뭐 이런 느낌은 제법 있습니다.
물론 이것도 하드팬들에겐 짜깁기로 보일 수 있겠습니다만.

사실 게임 스토리란 것이 영화와는 근본적으로 다를 수밖에 없습니다. 
인터랙티브와 게임성 등의 요소를 살려야만 하니까요
그런데 이런 게임의 스토리를 고민 없이 영화로 옮겨오면 어떤 일이 벌어지는지
잘 보여주는 사례 중 하나인 것 같습니다.

예컨데 후반부 좁은 공간에서의 총격 액션 장면이 나오는데
이게 너무 조악하고 긴장감도 떨어지는 데다가 
제대로 설명되지 않는 부분들도 많아서 왜 이렇게 연출했지 싶습니다.
만약 게임이었다면 바로 이 파트에서 감상자가 직접 개입하여
총기를 조작하고 위험을 회피하며 가장 몰입감이 높아지는 부분이었을 겁니다.

아쉬움이 많이 남지만
부분 부분 클립으로만 본다면
게임 팬들이 좋아할 법한 작품

대충 이런 느낌으로 정리할 수 있겠네요."
레지던트 이블: 라쿤시티 (Resident Evil: Welcome to Raccoon City),"[영화 레지던트 이블 : 라쿤시티] 6번 우려 먹고 남은 사골 다시 끓이기

밀라 요보비치의 전성기와 함께한 레지던트 이블 시리즈는 3편부터 슬슬 힘이 빠지더니 설득력이 부족한 3류 영화로 전락했다.
시리즈가 끝났음에도 1편이 시작되는 직전 1998년의 이야기를 다룬 스핀오프 영화다.
개봉관도 롯데시네마로 제한 상영되므로 관람할 욕구를 전혀 느끼지 않았는데 포스터의 배우를 보고 갑자기 보고 싶은 생각이 들었다.
메이즈러너에서 남자들을 제치고 가장 카리스마 넘치는 모습으로 눈길을 끈 카리나 스코델라리오와 독특한 분위기로 액션 영화에 두각을 나타낸 헤나 존 케이먼의 캐스팅이 눈길을 끌었다.
메이저 영화사의 공들인 영화가 아니지만 두 명의 매력 넘치는 여배우와 B급 바디호러가 주는 예것에 대한 향수로 기대하지 않았지만 실망을 시키지는 않겠다는 반신반의 심정으로 영화를 관람했다.


초반 오프닝은 고전적인 심령 호러 형태를 띄고 있다.
라쿤 보육원에서 악몽에 시달리고 기괴한 아이를 만나 탈출한 클라리(카야 스코델라리오)는 성인이 되어 다시 고향 라쿤시티를 찾는다.
오빠 크리스는 경찰이 되었지만 어린 시절 헤어진 동생과 사이가 안좋다.


라쿤시티는 화확약품 제조 공장 엄브렐라 본사가 있던 도시지만 엄브렐라는 떠나고 남은 사람들은 흉측하게 변하고 죽어가고 있다.
대충 시나리오의 흐름을 예측 가능하므로 영화는 감각적인 화면 전개가 되었지만 심드렁한 분위기로 느릿하고 지루하게 전개되었다.
초반 스산한 날씨에 폭우가 쏟아지는 배경은 공포라는 공식에 충실하게 따른다.


동료 경찰이 행발불명으로 찾아 나선 라쿤 경찰서 경찰들은 폐쇄 된 엄브렐라 본사를 찾아 간다.
도시는 모든 주민들과 연구소 직원들이 좀비로 변한다.
출연 배우도, 관객들도 교육 효과 덕분에 놀라지 않고 침착하게 좀비의 정수리를 향해 총을 내뿜는다.
넘치고도 넘쳐나는 좀비 영화와 드라마에 노출된 관객은 영화에서는 갑자기 나타난 좀비가 낯설지 않다.
영화 속 등장인물도 관객 수준의 교육을 받았다는 전제하에 익숙한 좀비와 대결하므로 좀비 퇴치법과 발생 원인은 생략한다.


레지던트 이블 시리즈는 좀비의 외모를 정형화해서 다른 유사 영화도 레지던트 이블을 참조해서 분장을 시킬 정도다.
저예산 영화라고 하더라도 내용이 수준이 낮고 허접해서 자리를 지키기가 고역이었다.
관객 가운데 중년의 남성 한 분과 할머니 한 분이 중간에 퇴장을 하던데 무서워서 일까? 재미가 없어서 일까? 궁금했다.


실망스러운 영화라도 명장면이 있다면 일정 부분 실망감을 희석 시킬 수 잇다.
암흑 상태에서 좀비와 대결하는 장면은 참신하고 영화의 압권일 만큼 긴장감이 팽배 하였다.
순수 창작 영화가 아닌 게임을 배경으로 한 영화다 보니 게임을 안 하는 나는 몰입이 쉽지 않았지만 게임속 배경은 게임 매니아들에게 반가울만한 세트 장식이었다.


감독 요하네츠 로버츠는 제한된 밀폐 공간에서 벌어지는 호러 무비의 재주꾼이다.
종전의 영화와 다르게 자신이 존경하는 존 카펜터에 대한 오마주 분장을 많이 사용하였다.
보디호러의 완성자 존 카펜터를 다시 소환한 유치한 괴물은 추억을 솟아나는 정다움마저 들었다.
아쉽게 존 카펜터의 괴물은 소환하였지만 존 카펜터의 심장박동이 두근거리는 음악이 없어 긴장감이 미흡했다.


텍사스전기톱 살인 사건의 살인마와 같은 가죽을 뒤집어 쓴 소녀가 영화 초반부터 등장하더니 주인공 일행을 구해준다.
리사 트래버라는 소녀로 엄블렐라 화학 실험에 동원되어 흉측하게 변한 불쌍한 피해자다.
기괴한 의상과 다르게 아름다운 여배우 마리아나 마제파가 맡았지만 얼굴의 절반 이상을 가려 미모를 확인하기 힘들었다.


좀비로 둘러 싸인 라쿤 시티를 탈출하는 과정은 지하 통로의 화차를 이용해 비교적 손쉽게 탈출 경로가 확보 되었다.
감독은 군더더기를 생략하고 출연 배우들의 표정을 클로우즈업하면서 영화를 게임으로 관객을 게이머로 감정이입 시킨다. 


리사 트래버는 이란성 쌍둥이로 곤충과 연계된 화학 실험에 동원되었다.
특별한 의미를 갖지 못했는데 레지던트 이블 게임에서 중요한 모티브로 사용되는 듯 반복해서 강조한다. 
좀비가 득실거리는 위험 상황에서도 관객들을 위해 친절하게 영사기로 엄브렐라의 비밀을 해설해 준다.


라쿤보육원 원장이면서 엄브렐라 실험 책임자로 닐 맥도프가 출연해서 특유의 비주얼로 불편하게 만든다.
기분 나쁜 미소, 눈빛, 몸짓까지 분장 없이도 상대방(관객)을 기분 나쁘게 만드는 배우다.
레지던트 이블의 수수께끼면서 목표인 G-바이러스에 감염되어 초강력 괴물로 변하는 장면은 존 카펜터 보디호러의 흉측함을 압축해서 보여주었다.
CG같은 기술적인 완성을 최소화한 존 카펜터의 엉성한 변신 과정을 스톱모션으로 재현하여 고전에 대한 존경심을 표출하였다.  
강력한 괴물의 최후가 밋밋하고 심심하게 끝나버려 지루한 영화임에도 허무하기까지 했다. 


영화 처음부터 한심한 경찰 조지아는 막판에 로켓포로 괴물을 처리하는데 레지던트 이블 게임판의 종결에서 사용되는 아이템이라고 한다.
가장 쫌스러운 캐릭터가 마지막에 주인공 같은 표정을 지어 헛웃음이 나온다.


쿠키 영상은 앞으로도 레지던트 이블이 계속됨을 암시한다.
누가 이런 영화를 볼것인가? 의아스럽지만 중국 여배우의 웃음은 '걱정 말아. 중국 자본이 투입되면 계속 시리즈가 이어 질 거야' 라고 음흉스럽게 전달한다.
기대한 배우들에 비해 속도는 느리고, 충격도 없어 OTT용 B급 호러물의 빈틈을 노릴는 영화다.


  레지던트 이블: 라쿤시티
감독
요하네스 로버츠
출연
카야 스코델라리오, 해나 존-케이먼, 로비 아멜, 톰 호퍼, 에반 조지아, 다널 로귀, 닐 맥도프
개봉
2022.01.19. 독일, 캐나다, 미국
평점
리뷰보기"
레지던트 이블: 라쿤시티 (Resident Evil: Welcome to Raccoon City),"영화 [레지던트 이블: 라쿤시티] 국내 티저 예고편(한글) : 2022.01 : 좀비, 액션



모든 이야기는 이곳에서 시작되었다

거대 제약회사 '엄브렐라'가 철수한 후 폐허가 된 '라쿤시티'.
어릴 적 끔찍한 사건을 겪고 고향을 떠났던 클레어가 돌아온 그날 밤,
라쿤시티는 좀비 바이러스에 감염되어 순식간에 지옥으로 돌변한다.

남은 시간은 7시간, 죽음의 도시를 탈출하라!
2022.01 / RESIDENT EVIL: WELCOME TO RACCOON CITY, 2021

감독: 요하네스 로버츠
출연: 카야 스코델라리오, 로비 아멜, 해너 존 케이먼, 톰 호퍼, 에반 조지아, 도널 로그, 닐 맥도프

* 영화 정보
https://movie.naver.com/movie/bi/mi/basic.naver?code=212886
https://www.imdb.com/title/tt6920084/




영화 [레지던트 이블: 라쿤시티] 국내 메인 예고편(한글) : 2022.01.19 : 좀비, 액션




--------------- 해외 예고편 ----------------------



영화 [레지던트 이블: 웰컴 투 라쿤 시티] 리부트 예고편 : 2021.11.24 : 좀비 액션 : RESIDENT EVIL



1998년을 배경으로 한 이야기는 신비로운 스펜서 저택과 
불운한 라쿤 시티의 비밀을 탐험한다.
2021.11.24 (미국) / RESIDENT EVIL: WELCOME TO RACCOON CITY, 2021

감독: 요하네스 로버츠
출연: 카야 스코델라리오, 로비 아멜, 해너 존 케이먼, 톰 호퍼, 에반 조지아, 도널 로그, 닐 맥도프

* 영화 정보
https://www.imdb.com/title/tt6920084/



* 영상이 유익하셨다면 '구독'과 '좋아요'를 눌러주세요~ 구독은 큰 힘이 됩니다. ^^




영화 [레지던트 이블: 웰컴 투 라쿤 시티] 나이트메어 예고편: 2021.11.24 : 좀비: RESIDENT EVIL"
레지던트 이블: 라쿤시티 (Resident Evil: Welcome to Raccoon City)," 
'
레지던트 이블' 시리즈의 리부트 버전인 호러 액션 영화
'레지던트 이블: 라쿤시티'(요하네스 로버츠 감독)가 내년 1월 국내 개봉을 확정했다.

좀비 호러 액션의 레전드 '레지던트 이블' 시리즈의 리부트인 '레지던트 이블: 라쿤시티'는 원작 게임 '바이오하자드'
1, 2편의 최초 실사 영화화 작품으로 모든 재앙이 시작된 바로 그곳, 엄브렐러의 본사가 위치한 라쿤시티로 관객들을 초대한다.

공개된 '레지던트 이블: 라쿤시티'의 티저 포스터는 라쿤시티 경찰서를 배경으로 엄브렐러의 상징인 우산이 피 칠갑이 된 채 망가져
비 오는 밤 거리에 버려져 있는 모습을 담고 있다. '모든 이야기는 이곳에서 시작되었다'라는 카피는 '레지던트 이블' 세계관 내 재앙의
근원이었던 라쿤시티로 돌아온 이번 작품의 정체성을 확인시켜준다.
또한 원작 게임의 팬들이라면 단번에 알아볼 수 있는 완벽하게 재현된 라쿤 시경의 외관도 시선을 사로잡는다.


https://movie.v.daum.net/v/20211227090004770





레지던트 이블: 라쿤시티
감독
요하네스 로버츠
출연
카야 스코델라리오, 해나 존-케이먼, 로비 아멜, 톰 호퍼, 에반 조지아, 다널 로귀, 닐 맥...
개봉
독일, 캐나다, 미국
리뷰보기"
레지던트 이블: 라쿤시티 (Resident Evil: Welcome to Raccoon City),"동영상
'레지던트 이블: 라쿤시티', 좀비 호러 레전드의 귀환··· ""모든 이야기는 이곳에서 시작...
[비하인드=김태석기자] 영화 '레지던트 이블: 라쿤시티'가 1월 19일 개봉확정과 함께 티저 포스터와 티저 예고편을 공개, 모든 재앙이 시작된 바로...
youtube.com"
레지던트 이블: 라쿤시티 (Resident Evil: Welcome to Raccoon City)," 

레지던트 이블: 라쿤시티 (Resident Evil: Welcome to Raccoon City) 2021
감독 : 요하네스 로버츠|출연 : 카야 스코델라리오, 해나 존-케이먼, 로비 아멜, 톰 호퍼, 에반 조지아, 다널 로귀, 닐 맥도프

--------------------------------------------------------

레지던트 이블 시리즈는 모르는 사람이 없을 정도로 많은 영화로 나왔다.
오랜만에 정통시리즈로 나올예정으로 많은 노력이 담긴듯 하다.
게임 '바이오하자드. RE;2'의 장면을 차용하여,
게임을 해본이들의 색다른 재미를 보여주기도 한다.
클레어, 레온, 질 발렌타인 등 원작의 주인공들도 나오고,
이야기의 흐름도 우리가 익히 알고있는 내용으로 흘러간다.
새로움보다 익숙함이 더 많지만, 
CG에 공을 많이 들였고, 다음편을 기다리게 한다.
중간정도는 하는 영화라 시리즈를 위해 보면 좋을 듯 하다. "
레지던트 이블: 라쿤시티 (Resident Evil: Welcome to Raccoon City)," 
레지던트 이블: 라쿤 시티를 보고 왔습니다.
아무래도 게임 원작인데다가,
밀라 요보.. 아무튼 그분 주인공으로 해서 무려 6편의 킬링타임용 B급 영화들로 미디어믹스된 전적이 있는 레지던트이블을 원작으로 또 나오는 영화다보니 기대를 전혀 안하고 봤습니다.
특히 트레일러에서 보이는 주인공들은 게임의 이미지와는 많이 괴리가 있었고,
CG 또한 엉성해 보였기에 더더욱 기대가 안 되었습니다.

그렇지만 보고 난 뒤에 평가를 내리자면,
이정도면 제법 만족할만한 영화였다고 생각합니다.
일전에 본 영화였던 킹스맨 퍼스트 에이전트는 기대를 하고 봤건만 제게 너글 배설물을 안겨줬는데,
이 영화는 기대를 거의 안 했건만 나름 만족감을 선물해줬네요.ㅎㅎ

각설하고, 일단 영화의 장점은 게임의 분위기나 정서, 이미지를 영화적으로 잘 구현했다는 점입니다.
보통 게임 원작의 영화들은 자신만의 오리지널리티 때문에 게임 원작을 무시해서 욕을 먹거나,
혹은 너무 게임 원작에 집중해서 영화가 망가지거나 하는 경향이 있는데,
이 영화는 게임적인 고증과 분위기를 잘 살리면서도,
호러 영화로서의 오리지널리티와 분위기, 호러성을 나름 잘 챙겼습니다.
앞서 배우들이 게임 주인공들과 많이 달랐다고 말하긴 했고 실제로 사실이긴 하지만,
그것과 스토리만 빼고 보면, 정말 게임 속 도시의 분위기나 좀비, 기물 등의 소품 및 배경을 잘 구현했다고 할 수 있으며-
그러면서도 급박한 스토리 전개, 마치 신시티와 같은 레트로한 호러 분위기나 특정 구간에서의 독특한 화면 구도, 음악, 점프스케어 등은 호러영화로서의 주제 또한 잘 살렸다고 할 수 있을 것 같습니다.
특히 초반부, 도시가 점차 지옥으로 변해가는 일련의 흐름은 게임 속에서는 확인하기 어려운 배경 무대의 변화 과정을 영화적으로 잘 살렸다고 생각합니다.
또한 저택에서의 좀비들과의 어둠 속 전투장면 등등 호러 영화로서 제법 괜찮은 구석을 많이 보여줬습니다.
갠적으론 컨져링 3보다 무섭더군요 ㅋㅋ

물론 단점도 있습니다.
주인공들의 원작과의 괴리는 그렇다치고,
초반부 배경 무대인 라쿤 도시가 너무 일회성으로 지나가서 좀 아쉬웠으며,
기타 원작 팬들이 중요하게 여길만한 요소들이 생략되거나 비중이 아주 짧은데...
...그점은 어차피 게임 원작이다보니 감안해야 하는 부분이니 일단 패스하겠습니다.
하지만, 초중반 긴박하면서도 나름 짜임새 있었던 스토리 흐름이 중반부 지나가면서 너무 급전개로 흘러가서
대망의 마지막 부분에서는 용두사미 급으로 끝나버린 점과,
일부 CG장면이 상당히 어색하고 티가 너무 심하다는 건 확실한 단점들입니다.

그래도, 결론적으로 이번 영화는 지난 번 보았던 킹스맨 퍼스트 에이전트보다는 100배는 더 나았다고 생각합니다.
진짜 킹스맨: 퍼스트 에이전트는.. 물론 절대로 개인적인 생각이지만.... 개 쓰레기였습니다."
레지던트 이블: 라쿤시티 (Resident Evil: Welcome to Raccoon City),"섭외, 비즈니스 문의
actom_ent@naver.com

■ 방송정보
☞ 제목 : 영화로그 105화
☞ 연출 : 고담

#레지던트이블 #ADBC_TV #PD고태일
#무비몬스터 #영화로그 #영화리뷰

00:00 방송요약
00:09 105화 레지던트 이블 : 라쿤 시티 편 오프닝
00:23 레지던트 이블 짧은 후기, 감상, 극장가기 전 정보 (바이오 하자드 리메이크)
01:53 원작 존중 (폴 앤더슨 레지던트 이블 시리즈,트럭 아저씨,리사 트레버,윌리엄 버킨)
03:35 코스튬 (클레어 레드필드,레온,순경)
04:08 각색
06:00 영화의 한계 (아이템,퍼즐,수사)
09:08 각색
09:58 캐릭터 삭제 (타이런트,에이다 웡,쿠키영상)
10:35 복잡한 건물 구조
11:37 레온 캐릭터의 하대
12:06 별점&엔딩

동영상
망작인가? 명작인가? 완전 분석 ��레지던트 이블 라쿤시티 | 영화 리뷰
채널에 가입하여 해석왕 고태일 채널을 지켜주세요.https://www.youtube.com/channel/UCf9maYt48dFrIZtWp1N7BGw/join섭외, 비즈니스 문...
youtu.be
동영상
충격적인 실사 오프닝 ㅎㄷㄷㄷㄷㄷ 1부 ��바이오하자드 1 | 게임 리뷰
후원은 영상을 만드는 동력이 됩니다.소중한 후원, 좋은 컨텐츠 만드는 ADBC TV 되겠습니다.https://toon.at/donate/moviemonster이 방송은 ...
youtu.be
동영상
망작인가? 명작인가? 완전 분석 ��특송 | 영화 리뷰
채널에 가입하여 해석왕 고태일 채널을 지켜주세요.https://www.youtube.com/channel/UCf9maYt48dFrIZtWp1N7BGw/join섭외, 비즈니스 문...
youtu.be
동영상
망작인가? 명작인가? 완전 분석 ��하우스 오브 구찌 | 영화 리뷰
채널에 가입하여 해석왕 고태일 채널을 지켜주세요.https://www.youtube.com/channel/UCf9maYt48dFrIZtWp1N7BGw/join섭외, 비즈니스 문...
youtu.be
동영상
망작인가? 명작인가? 완전 분석 ��경관의 피 | 영화 리뷰
채널에 가입하여 해석왕 고태일 채널을 지켜주세요.https://www.youtube.com/channel/UCf9maYt48dFrIZtWp1N7BGw/join섭외, 비즈니스 문...
youtu.be"
레지던트 이블: 라쿤시티 (Resident Evil: Welcome to Raccoon City)," 
좀비 호러 액션 영화의 지존이라 할 수 있는 레지던트 이블의 리부트인 '레지던트 이블: 라쿤시티"" 가 개봉 했습니다.
게임을 원작으로 한 프랜차이즈 영화 중 가장 성공한 시리즈가 말 할 수 있을 것 같고, 레지던트 이블 하면 역시 밀라 요보비치~~지^^
독보적인 캐릭터로 자리로 영화 만큼이나 '앨리스' 라는 명성을 갖고 있기 때문 입니다.

 
리부트라 그런지, 기존 오리지널 시리즈와 달리 원작 게임인 '바이오하자드' 의 주요 설정과 사건을 카피해 시리즈 첫 관람이라도 쉽게 따라 볼 수 있다는 것이 관람 포인트 같습니다. 이야기 전개 및 연출적 상황이 촘촘하거나 치밀하게 다가오는 영화가 아니라는 점을 간파해 쉽게 보시면 좋을 듯 싶습니다.
재앙이 시작된 1998년 엄브렐러의 라쿤시티를 배경으로 이야기의 출발점이 됩니다. 라쿤시티에서 무슨 일이 있었는지, 엄브렐러가 왜 이곳을 실험 대상으로 선택했는지 그 동한 시리즈에서 다뤄지지 않았던 근원의 파헤치는 이야기가 관람포인트라 생각 됩니다.

 
이번 라쿤시티의 흥성열쇠 또한 밀라 요보비치의 '앨리스' 존재감을 지울수 있을지가 key라 생각 됩니다.
리부트된 <레지던트 이블: 라쿤시티>의 주인공은 제일 좋아하는 외국 여배우인 카야 스코델라리오가 맡았습니다. 캐리비안의 해적 시리즈인 ""죽은 자는 말이 없다."" 로 스크린으로 통해 만난 여배우인 카야 스코델라리오, 정말 매력적으로 다가와서 찐팬이 되었습니다.
다만, 카야의 영화를 많이 접할 수 없다는 것이 좀 아쉽습니다.

 
메이즈 러너 3부작이 상업적인 대표작이라 말 할 수 있을 것 같습니다. 개인적으론 19년도 개봉한 '크롤' 보고 싶은데, 찾아 보기 힘드네요.
증정기간은 개봉 당일 1/19일~소진시 까지며, 당일 관람 티켓 갖고 매표소에서 인증 하시면 get 할수 있습니다.
시그니처 아트카드 크기는 15 x 20mm 이며, 대부분 후가공이 들어가 제작 됩니다. 
카야 스코델라리오 사랑해요~~토요이 오전에 또 스크린에서 만나요^^"
레지던트 이블: 라쿤시티 (Resident Evil: Welcome to Raccoon City),"레지던트 이블: 라쿤시티
감독
요하네스 로버츠
출연
카야 스코델라리오, 해나 존-케이먼, 로비 아멜, 톰 호퍼, 에반 조지아, 다널 로귀, 닐 맥도프
개봉
2022.01.19. 독일, 캐나다, 미국
리뷰보기

액션, 공포 | 독일, 캐나다, 미국 | 107분 | 2022.01.19 개봉
청소년관람불가

* 모든 이야기는 이곳에서 시작되었다
거대 제약회사 '엄블렐러'가 철수한 후 폐허가 된 '라쿤시티'.
어릴 적 끔찍한 사건을 겪고 고향을 떠났던 클레어가 돌아온 그날 밤,
라쿤시티는 좀비 바이러스에 감염되어 순식간에 지옥으로 돌변한다.

남은 시간은 7시간, 죽음의 도시를 탈출하라!
-네이버영화


** 팬심으로 봤는데 딱 그정도.
내용은 불친절하고 점프스퀘어나 긴장감도 없어서 애매하게 지루함. "
레지던트 이블: 라쿤시티 (Resident Evil: Welcome to Raccoon City)," 신년은 소늬의 똥영화와 함께

쿠키 영상 : 짧은 크레딧이 지나고 나면 나옵니다.

왜 매년 연초에 소니의 똥영화를 보고 있는 거지란 생각이 들어 찾아보니 작년에 <몬스터 헌터>, 재작년에 <나쁜 녀석들:포에버>가 있었더라고요. 연초부터 최악의 영화 슬롯의 첫 단추를 딱 끼우고 시작하는 느낌이 들어서 루틴이 될 거 같아서 내년 초가 또 기대하게 되는 작품이었습니다. 제가 언급한 영화를 좋아하는 분들이 있을 테니 그냥 개인적인 워스트 정도로 순화할게요.

문장을 독하게 시작했지만 제가 언급한 영화들 중엔 제일 만족하며 봤습니다. 사실은 약간 추천도 하고 싶어요. 적어도 폴 WS 앤더슨의 <레지던트 이블> 시리즈보단 훨씬 괜찮게 봤어요. 그 시리즈에 비하면 엄청나게 저예산으로 찍은 티가 나긴 하는데, 적어도 감독이 직접 쓴 시나리오는 시리즈를 플레이해봤음이 느껴졌어요. 전작은 <47미터> 시리즈의 감독인데 딱 그 정도의 킬링타임용으로 나쁘지 않은 호러물의 연출력을 보여 줍니다. 사실 꽤 볼만한 장면들이 있는 편이에요. 수위가 있는 호러물 못 보시는 분들께 추천하지 못할 정도는 됩니다. 하지만 현장이 분위기가 별로였을 거 같은 게 배우 간의 케미가 별로 안 느껴져서 연기 보는 맛이 무척 떨어져요. 카야 스코델라리오는 연기력이 퇴보했더라고요. 그리고 보통 요새 많이 쓰는 추천 문장인 'OTT로 보면 괜찮을 거 같다.'란 문장을 쓰기가 힘든 게 심각하게 어둡게 찍혀져 있어서 제가 본 상영관이 약간 어두운 편이라 깜깜한 화면만 보고요. 그래서 떡칠한 CG가 별로기도 한데 이 영화가 <바이오해저드>란 생각으로 보면 또 그렇게 나쁘지 않았어요.

다만 이 작품의 문제는 '만들었다.'일 뿐이고 모든 원작 팬 감독이 원작의 명성에 걸맞은 영화를 찍지 못하듯 이 영화도 그런 전철은 밟습니다. 게임의 쾌감을 영상으로 느낀다는 건 힘든 일이에요. 딱히 영상화할 정도로 새로운 스토리가 있는 것도 아니고요. 게임 팬들은 항상 원하는 방향들이 있는데 그걸 충족 시키느니 안 만드는 게 낫습니다. 항상 소니의 이런 류의 영화를 볼 때마다 느끼는 건데 이런 걸 대체 왜 만들지란 생각이 듭니다. 곧 개봉할 <언차지드>가 참 불안해져요."
레지던트 이블: 라쿤시티 (Resident Evil: Welcome to Raccoon City),"- 반드시 살아남아라!
- 바이러스가 퍼진 죽음의 도시, 반드시 살아남아야 한다!
- 서바이벌 액션 호러 '레지던트 이블: 라쿤시티' 메인 포스터&메인 예고편 공개!
'엄브렐러'의 철수 후 좀비 바이러스에 의해 지옥으로 돌변한 '라쿤시티', 그 곳을 탈출하기 위한 ‘클레어’(카야 스코델라리오)와 생존자들의 사투를 그린 서바이벌 액션 호러 <레지던트 이블: 라쿤시티>(수입/배급:소니 픽쳐스)가 메인 포스터와 메인 예고편을 공개했다.
▲ '레지던트 이블: 라쿤시티' 메인 포스터 [사진 = 머리꽃]

공개된 메인 포스터는 바이러스 감염 후 봉쇄된 라쿤시티에 갇힌 생존자 클레어와 크리스, 질, 웨스커, 레온의 모습을 담고 있다. 각자 좀비와 크리쳐를 물리칠 무기를 들고 잔뜩 긴장한 채 전방을 주시하는 눈빛과 더불어 “남은 시간은 7시간, 죽음의 도시를 탈출하라”라는 카피는 금방이라도 치열한 전투가 벌어질 듯 긴장감을 자아낸다. 

또한 클레어와 크리스, 질, 웨스커까지 바이오하자드의 캐릭터를 떠오르게 하는 비주얼은 원작 게임 팬들은 물론 오랜 시간 <레지던트 이블> 시리즈를 그리워했던 팬들의 만족도를 충족시킬 것을 예고한다.



함께 공개된 메인 예고편은 오랜만에 라쿤시티로 돌아가는 클레어의 모습으로 시작한다. 클레어가 타고 있던 트럭에 치여 죽은 줄 알았던 여자는 돌연 살아나 사라지고, 도시 곳곳에 퍼진 심상치 않은 기운을 감지한 라쿤시티 경찰서는 단단히 문을 걸어 잠그며 앞으로 벌어질 엄청난 일들을 예고해 호기심을 자극한다. 
마을 전체가 중독 됐고, 이걸 막지 않으면 전세계가 위태롭다는 클레어의 말을 들은 오빠 크리스는 S.T.A.R.S. 팀 동료 질, 웨스커와 함께 스펜서 저택으로 출동하고, 시체를 뜯어 먹고 있는 좀비를 목격한 후 경악한다. 
한편 클레어와 경찰 레온은 엄브렐러가 아이들로 끔찍한 실험을 하고 있었음을 알게 되고, 버킨 박사의 실험대 위 잔혹한 형상이 비춰지며 과연 엄브렐러가 어떤 실험을 하고 있었는지에 대해 궁금증을 불러 일으킨다. 바이러스로 모든 생명체가 감염된 라쿤시티, 완전봉쇄까지 남은 시간은 7시간인 가운데 클레어를 비롯한 생존자들이 좀비로 변해버린 주민들과 기괴한 크리쳐에 맞서 벌일 치열한 사투, 그리고 과연 이들이 무사히 라쿤시티를 탈출할 수 있을 것인지 기대하게 한다.
https://youtu.be/4-gUEm5PFW8
동영상
레지던트 이블: 웰컴 투 라쿤시티 | 한글 자막 예고편
ITCHY TASTY - RESIDENT EVIL: WELCOME TO RACCOON CITY밀라 요보비치의 레지던트 이블이 6편 《파멸...
youtu.be
 "
레지던트 이블: 라쿤시티 (Resident Evil: Welcome to Raccoon City),"레지던트 이블: 라쿤시티 
Resident Evil: Welcome to Raccoon City, 2021

장르 : 액션, 공포
  줄거리 
거대 제약사 엄브렐라 가 오래동안 있었지만, 철수후 거의 폐허가 되다시피한 라쿤시티. 그곳으로 오래전 도시를 떠났던 클레어가 돌아온다. 그리고, 도시에서 이상한 일들이 시작되는데...
  평점 ★★★☆☆
바이오하자드 시리즈의 한편으로 한창 진행되던 스토리에서 초기로 돌아온 작품이다. 하지만, 아쉽게도 시작의 뭔가 숨겨진 이야기는 아주 조금만 나오고 그외엔 크게 기대를 충족시켜줄만하진 못하다. 하지만, 전체 시리즈가 아닌 이 작품만으로 생각한다면 후속이 기대 된다고 볼 수 있다. 
  결말
  https://movie.naver.com/movie/bi/mi/basic.naver?code=212886
레지던트 이블: 라쿤시티
거대 제약회사 '엄브렐라'가 철수한 후 폐허가 된 '라쿤시티'.어릴 적 끔찍한 사건을 겪고 고향을 떠났...
movie.naver.com"
레지던트 이블: 라쿤시티 (Resident Evil: Welcome to Raccoon City),"(롯데시네마 시그니처 아트카드 No.61)
레지던트 이블 :라쿤 시티(Resident Evil: Welcome to Raccoon City , 2021)-이벤트 페이지

이벤트 상세 - 롯데시네마 (lottecinema.co.kr)

(롯데시네마 시그니처 아트카드 No.61)
레지던트 이블 :라쿤 시티(Resident Evil: Welcome to Raccoon City , 2021)앞면


 
(롯데시네마 시그니처 아트카드 No.61)
레지던트 이블 :라쿤 시티(Resident Evil: Welcome to Raccoon City , 2021)뒷면



 "
로망스 돌 (Romance Doll),"로망스 돌
감독
타나다 유키
출연
아오이 유우, 타카하시 잇세이
개봉
2022.04.01. 일본
평점
리뷰보기



타나다 유키 감독이 연출한 <로망스 돌>은 러브돌 제작자인 남자와 모델이 되는 한 여자의 사랑에 관한 이야기입니다.
  선배의 추천으로 면접으로 보러 온 미술학도 테츠오(타카하시 잇세이)는 선배에게 속아 러브돌을 만드는 일을 시작하게 됩니다. 첫 러브돌을 제작한 뒤에 만족하지 못하는 사장은 다시 제작하라는 지시를 내립니다. 테츠오와 회사 선배는 허위 광고를 내서 모델을 기용하려고 합니다. 그 허위 광고란 유방암을 앓고 회복하는 환자들을 위한 가슴 모형 제작에 관한 모델 구인 광고였습니다.
  모델로 온 소노코(아오이 유우)에게 첫 눈에 빠진 테츠오는 작업이 끝난 후 바로 고백을 해버리고 소노코도 이를 받아줍니다. 둘은 얼마 지나지 않아 결혼까지 하고 행복한 나날을 보내지만 테츠오는 자신의 직업을 정확하게 얘기하지 않은 상황입니다. 그리고 반복되는 야근에 둘의 관계는 조금씩 소원해지고요. 그리고 결국 소노코는 테츠오에게 이혼 서류장을 내 보이는데 사실 이혼을 하려는 이유는 다른데에 있었습니다.
  러브돌을 소재로 한 작품이 아예 없었던 건 아니지만 이 작품처럼 충격적인 콘셉트의 작품은 없었던 것 같습니다. 그리고 이에 대한 호불호뿐만 아니라 적극적으로 반대하는 관객들도 엄청 많을 거라는 생각이 듭니다. 개인적으로도 마지막에 두 부부가 벌이는 일에 대해서 판단이 제대로 서지 않을 정도이지만 아마도 감독은 그 만큼 둘의 관계를 애틋하게 보이려고 노력한 거 같습니다.
  우리나라에서도 몇 년 전 이 영화와 비슷한 일이 있었습니다. 물론 그 사건은 영화처럼 부부의 관계에서 발전된 것이 아니라 모델 자체가 원했던 것으로 알고 있습니다. 물론 그 이유는 경제적인 것이었죠. 아무튼 영화 자체보다 이 영화의 설정에 대해 불편함을 느끼는 분들이 아마도 엄청 많을 것으로 생각됩니다. 영화 자체는 밝은 톤과 애절함이 동시에 진행되는 작품이고 아오이 유우는 이제 믿고 보는 배우가 된 것 같습니다. 하지만 아직도 이 영화에 대한 판단을 어떻게 내려야될지는 잘 모르겠네요."
로망스 돌 (Romance Doll),"로맨스 돌
감독
타나다 유키
출연
아오이 유우, 타카하시 잇세이
개봉
일본
리뷰보기






타나다 유키 작품

소설도 타나다 유키가 썻다.

16mm 필름으로 촬영되었다고 한다

어쩐지 비율이 16:9 비율이 아니더라

노이즈도 꽤 보이고 ..그래서 감상적임

영화는 로맨스돌 그러니까 리얼돌 인형을 만드는 공장에서 

본을 뜨러 모델이 오게되고 거기서 첫눈에 반해서 결혼 후 살게되는 사랑이야기이다

그렇게 비밀 조금 가지고 있으며 혼신의 힘을다해 리얼돌을 만드는 로맨스 영화

볼만함

출연 : 타카하시 잇세이, 아오이 유우, 피에르 타키, 와타나베 에리, 미우라 토우코 등"
로망스 돌 (Romance Doll)," 테츠오(타카하시 잇세이 분)는 조각을 전공한 평범한 미술 학도였다. 그는 선배가 무슨 일을 하는지 얘기해주지 않고 소개해 준  회사에 취직해, '러브돌'(사람 모양의 자위기구)을 만드는 평범하지 않은 직업을 가지게 된다.

입사 이유는 단순히 돈이 없었기 때문이다. 실제와 흡사한 러브돌을 만들기 위해 직장 사수와 함께 의료용으로 제작 한다는 거짓말을 하고 미술 모델을 섭외한다.

모델로 온 소노코(아오이 유우 분)에게 첫눈에 반한 테츠오는 고백을 하고 사귀게 된다.

두 사람은 서로 사랑을 하고 결혼을 하지만, 테츠오는 자신의 직업을 밝히지 못하고, 결국 결혼 후에도 직업을 속인 채 생활하게 된다.

결혼은 했지만 서툴렀던 그들은 사랑했음에도 시간이 지날수록 어긋나기 시작한다. 쌓여만 가던 그들은 각자 가진 말하지 못한 비밀을 털어놓게 되고 진정한 사랑을 깨닫는다.

영화 <로망스 돌>은 청소년 관람불가 등급으로 제목에서 암시하듯 러브돌이라는 자극적인 소재가 등장한다. 테츠오의 직업이 러브돌 제작이기 때문이다.

제목과 직업으로 유추해, 야한 성인영화라고 생각해 이 영화를 본다면 실망할 것이다. 내용은 직업만 특이한 한 사람의 평범한 사랑 이야기이기 때문이다.

특이한 직업으로 인한 평범하지 않은 에피소드들이 등장하지만, 사랑하는 사람을 만나 결혼하고 그 생활 속에서 방황하기도 고뇌하기도 하는 평범한 인생을 이야기한다.

테츠오는 하고 싶어서 선택한 직업은 아니지만 일하면서 그 일에 빠져들게 되고, 실제와 같은 러브돌을 만들기에 여념이 없다.

하지만, 소노코에게는 자신의 직업에 대해 말하지 못한다. 처음 만남에서 시작된 거짓말을 선뜻 고백하기 힘들기 때문이다.

의료용 제품을 만든다는 거짓말을 고백하면 자신을 좀 더 나은 사람으로 보는 소노코의 마음에 영향을 미칠 것 같아 결국 결혼하고도 그 비밀을 유지한다.

직장에서도 좋지 않은 일이 일어난다. 테츠오의 조수로 들어온 사람이 스파이로 경쟁회사에 연구 자료를 넘겨 그동안 고생하며 노력했던 일들이 물거품으로 돌아간다.

이런 어려운 일이 있어도 부인인 소노코에게 말하지 못한다. 진정한 가족과의 소통의 부재로 오히려 소노코에게 소외감과 외로움을 느끼게 한다.

일상적으로 일어나는 부부 사이에서 발생하는 소통의 부재가 두 사람의 사이를 멀어지게 한다.

함께 생활하고 같은 곳을 보고 걸어가는 부부가 때로는 남보다 더 못한 존재로 느껴질 때가 있다. 상대방이 고민하고 힘들어 하는 것을 알지만 자신이 힘이 되어주지 못할 때, 자신의 고민을 스스럼없이 상대방에게 털어놓지 못할 때 복잡한 감정이 들기 때문이다.

영화에서도 자신의 고민을 함께 나누지 못하고 혼자 떠 안고 이겨나가려고 하는 모습이 상대방에게 오히려 상처를 주는 상황이 된다.

일상에서 느끼는 외로움은 상대적이기 때문이다. 지키려고 했던 것들이 결국 서로를 멀어지게 하는 요소로 작용하며 마지막까지 몰아가기 때문이다.

하지만, 두 사람이 진실을 말하며 관계를 회복하는 과정에서 잔잔한 감동을 선사한다.

영화의 소재나 결론 등이 정서적으로 안 맞는 부분들이 있지만, 전달하려고 하는 내용은 가볍지 않고 의미가 있다.

그래도 러브돌 제작이라는 직업이 아닌 다른 직업이었어도 충분히 의미를 전달할 수 있지 않을까 생각해본다.

결론 부분에서도 이해하기 힘든 부분이 있어 전달하고자 하는 내용과 상관없이 호불호가 있을 것으로 보인다. 소재에 대한 거부감이 있는 사람에게는 추천하지 않는다.

담담하게 말하는 평범한 직장인(직업은 평범하지 않지만)의 평범한 사랑 이야기인 영화 <로망스 돌>은 지난 1일 개봉했다.

/마이스타 박선영 기자

기사 원문보기 http://www.mystar.ne.kr/archives/10109
[마이스타] 평범하지 않은 직업을 가진 사람의 평범한 사랑이야기
테츠오(타카하시 잇세이 분)는 조각을 전공한 평범한 미술 학도였다. 그는 선배가 무슨 일을 하는지 얘기해주지 않고 소개해 준 회사에 취직해, '...
www.mystar.ne.kr
로망스 돌
감독
타나다 유키
출연
아오이 유우, 타카하시 잇세이
개봉
2022.04.01. 일본
리뷰보기"
로스트 도터 (THE LOST DAUGHTER),"로스트 도터
감독
매기 질렌할
출연
올리비아 콜맨, 다코타 존슨, 제시 버클리
개봉
2022.07.14. 미국, 영국, 이스라엘, 그리스
리뷰보기

매기 질렌할 배우의 감독 데뷔로 화제를 모았던 영화이다. 강인한 여성을 주로 그리는 엘레나 페란테 작가의 '잃어버린 사랑'이 원작이라고 한다. '나쁜 사랑'이라는 3부작 중에 나머지도 영화화나 드라마화가 이미 된 것을 보면 엄청난 작가임이 분명하다. 하지만 매기 질렌할 감독도 보통이 아닌듯 하다. 배우 출신 감독들의 공통점이자 장점인 캐릭터를 중심으로 그 깊은 감정선을 영화적으로 표현해냈기 때문이다. 어떻게 보면 책에서만 가능한 감정의 질감들을 최대한 영화 매체로 이끌어낸 것이다.

하지만 일단 영화는 책의 영향인지 굉장히 구조적으로 보인다. (평론가들이 더 좋아할 수도 있겠다.) 주된 여성이 3명이 나오는데 이를 잘 활용한 것이다. 각각 자신의 과거들의 한 순간을 대표하면서 동시에 현재 자신의 감정선의 트라우마이자 죄책감의 도화선이 된다. 그리고 이 구조를 활용하고 캐릭터들을 자꾸 마주치게 하면서 책에서도 시도하려 했던 것 같은 물음을 이끌어낸다. 당연시 되는 엄마라는 위치와 역할, 그리고 사회적인 위치에서 한 개인의 의미에 대해.

사실 여기에는 언제나 두 가지 대답이 존재한다. 따라라와 마음대로 해라. 어느 것도 정답은 아니다. 완벽한 것이 없기 때문이다. 하지만 대개 한 쪽이 다수가 되는 흐름으로 전개가 된다. 삶이 그렇다는 이유로. 여기에 철학적 물음이라는 말만 거창하지 의문을 품고 도전적인 방향을 택한 것이다. 감독은 작가의 그 의도까지 파악해서 도전적인 장면을 담아낸다. 대부분은 불안을 중심으로. 그리고 아이러니를 중심으로.

그래서 카메라는 그것을 암시하는 전형적인 핸드헬드나 클로즈업을 더 극단적으로 활용한다. 핀(초점)이 나가거나 너무 가깝게 들이대거나 중심에서 벗어난 화각을 잡거나 불안한 우연(솔방울이나 등대 불빛 같은)마저도 활용한다. 그리고 그 상황과 그곳에 놓인 인물을 통해 끊임없이 되묻고 생각하게 만든다. 과연 그랬더라면. 안 그랬더라면. 그게 맞았을까? 다를 순 없었을까? 등등을 관객 스스로 체험하게 만든다. 그리고 이를 극중에 만나는 일종의 다른 자아이자 인물에게 투사하기도 하고, 충돌하면서 빚어낸다. 

고로 '로스트 도터'는 당연한 것으로 여겨지던 사회적인 역할, 인물의 역할, 한 개인이자 인간으로서의 역할에 균열을 내고 의문을 던지는 영화라고 생각된다. 물론 여기서는 여성과 엄마라는 부분에 주목하지만(작가도 여자이므로) 남자들에게도 그 부분을 슬그머니 끼워 넣는다. 사실 모든 개인이 마찬가지이기 때문이다. 직업도 마찬가지고, 꿈을 향한 노력도, 가족도 친구도, 재산마저도 모든 것이 관계와 질서와 법칙과 자연속에 놓여져 어떤 일방적인 대세의 흐름에서 갈등을 빚기 때문이다. 그게 삶의 솔직한 여정이자 현실이라는 뜨거운 진실을 찔러대며 끌어낸 것이다. 아쉽게도 어떤 것도 정답도 아니고 어떤 것도 장단점이 있으며, 아이러니와 모순으로 가득 차 있으니까. 모든 길을 다 갈 순 없으니까. 그래서 정말 중요한 것은 원작과 영화에서도 그대로 이어진 잃어버린, 로스트 가 아닐까 싶다. 로스트들을 돌아보면서 어쨌든 길을 가고 있는게 인생이니까. 영화도 마찬가지이니까.


**모든 것을 응집한 사물이자 상징은 바로 인형이다.
***딸들도 미래의 엄마이자 여성일 것임을 똑같은 고민에 빠질 날이 올 것임을 암시한다.
****인생이 한 번 뿐이라는 것이 야속할 뿐이다.
*****그래서 어떻게보면 많이 안다는 것은 더 고통스럽다는 것이 될지도 모른다.
******깨달을수록 고통이 깨어난다.
*******즐기는 것, 즐거운 것을 하라는 것은 아직 그 즐거움에서 못 깨달은 부분때문에 덜 고통스럽기 때문이다.
********취미가 일이 되면 더 고통스러워 지는 것처럼.
*********하지만 모든 취미는 다 고통을 내재하고 있다.
**********장점만 가지고 있는 것은 하나도 없다.
***********그래서 새삼 이과적인 질량 보존의 법칙이 야속해진다.
************문과적으로는 장단점 보존의 법칙 같다.
*************오히려 다 가지고 있는 총체이자 가족이 마피아 가족이다.
**************물론 그들도 쪼개보면 괴로움의 칼날 위에 서 있을 뿐이다.
***************다만 그들을 뭉쳐주는 것은 조직과 돈 거기에서 조금 더 파생되는 자유일 뿐이다.
****************하지만 정말 자유인가.
*****************서로 통하고 비슷하다는 것도 잠시 뿐이다.
******************결국 개개인은 디테일한 수준으로 들어가면 정말 천차만별이다. 다른 부분이 실은 더 많다.
*******************적당히 물러서 있어야 그나마 비슷한 것으로 서로 착각하기가 좋다.
********************그래서 공사를 구분하라는 말이 생겼을지도 모르겠다.
*********************거시적으로 볼 때와 미시적으로 볼 때가 다른 것처럼. 이는 연애할 때와 결혼할 때가 다른 것처럼.
**********************심지어 연애마저도 초기와 후기가 다르지 않나.
***********************근데 그게 다 인간의 욕망이자 실체이다. 진짜는 모순덩어리다. 현실은 추하다.
************************인공지능 회의론자들은 그 지점을 노리고 있다. 인공지능이 완벽하다는 건 인간에서 멀어지니까.
*************************잦은 플래시백은 보통 단점이 될 수 있는데 등대와 불안한 사건, 스릴러적인 편집 덕분에 자연스럽다.
**************************그래서 연출자의 미세함이 느껴진다.
***************************원래 뭔가를 이루려면 많은 뭔가를 포기해야 한다. 삶이 양자택일 이상이다. 다자택일이다.
****************************다 가지려고 욕심내는 순간 더 망가지게 되어 있다.
*****************************그래서 인정하고 포기하거나 받아들이고 체념해야 되는 법도 배워야 한다. 그 순간이 늙는 순간이다.
******************************끝까지 다 가지려고 달려드는 것이 젊음이다. 한 때다. 무수히 잃고 나서 사그러든다.
*******************************그래서 최고가 된 사람들은 알게 모르게 뒤에서 잃어버린 무수한 것들이 가려져 있는 셈이다.
********************************하지만 사람들은 최고의 모습만 보려 한다. 
*********************************마찬가지로 부자들은 행복하기만 할 줄 안다.
**********************************권력자나 독재자들도 최고만 누릴 것 처럼 생각된다. 실은 그들이 가장, 항상 불안할 것이다. 왜 숙청을 하겠는가. 자꾸 주변을 감시하고 정리하고... 그 부분도 살짝 영화에 등장한다.
***********************************따지고 보면 우리는 혼자가 아니라서 그렇다. 항상 관계가 달려 있기에. 동물과 자연과도 연결되어 있기에. 생존이 그런 것이다.
************************************그럼에도 앞으로 나아가려면 뭔가를 포기하고 놓아주고, 버리고 , 잃어버려야 한다.
*************************************인생은 포기하는 만큼 획득으로 이뤄진 것이다. 물론 당연히 획득이 적다.
**************************************범죄 스릴러 장르의 표피를 살짝 두른다.
***************************************솔직하게 내뱉는 말들이 솔직할 수도 있고 거짓일수도 있으며, 둘 다일 수도 있다. 그렇게 대사를 처리한다.
****************************************과거를 왜곡되게 보거나 좋거나 나쁜쪽으로만 볼수도 있지만 과정으로 들여다 본다.
*****************************************올리비아 콜맨의 미세한 연기는 어지러울 지경이다.
******************************************남자 캐릭터들도 대부분 으스댈뿐 파괴되고 부서져 있다. 흔들리고 있다.
*******************************************애착에서 오는 아이들의 불안감과 악마?와도 같은 아이성도 솔직하게 묘사한다. 자신의 자식이라도 힘든 지점이 있다는 걸.
********************************************아역 배우들의 연기가 그래서 궁금하다. 진짜 모녀관계가 아니라면 저렇게 리얼할수가.
*********************************************충격적인 것은 피터 사스가드의 출현이다. 매기 질렌할 감독의 남편이면서 그렇게 사용하다니. 마치 작품에 메타적으로 남편을 투입시켜서 바라본 것 같은 상황이 되었다.
**********************************************제시 버클리는 그냥 얼굴에서 과거의 시대적인 느낌이 풍긴다는 것을 모든 감독이 본능적으로 알고 시대극에 자꾸 활용한다. 그녀의 등장은 굳이 과거라고 안써져도 과거가 된다.
***********************************************솔직히 제이크 질렌할이 까메오라도 나올 줄 알았지만, 역시 현실 남매들은.
************************************************아무리 그래도 아이들은 엄마에게 철썩 달라붙는다. 아빠보다는 엄마다. 게다가 딸들은 애착 관계가 더 강하다. 그 점을 더더욱 활용한다. 그런 의미에서 반대적으로 조금 큰 아들들이 나오는데...
*************************************************그래도 사랑은 포기할 수 없다. 본능적이고, 당연한 것이고, 사랑마저도 욕망적이며 모순적인 것이니까.
**************************************************그리하여 마침내 한 순간의 결정적인 시점이 찾아오자 딸이 찾아진다. 하지만 이미 잃어버린 것은 아닐까.
***************************************************조상들을 찾는 것과 현재 사는 것에 대한 이야기도 흥미롭다. 그렇게 다양한 문화와 전통, 역사속에서도 비슷하게 내려온 것이다. 결국엔. 비교문학을 통해서도.




 "
